name,url,slug,region,role,official_units,completion_year,tenure_profile,integration,official_source_url,why_compare,best_fit,key_risk,future_context
THE POIZ RESIDENCES,https://www.edgeprop.sg/condo-apartment/the-poiz-residences,the-poiz-residences,Benchmark,Benchmark,731,2018,99-year lease from 2014,Integrated with Poiz Centre and Potong Pasir MRT,https://www.mcc.sg/project-detail?id=Poiz,City-fringe reference for the price of direct rail and daily-retail integration,Car-lite buyers and families prioritising NEL access over maximum space or freehold tenure,Compact-unit mix and leasehold premium face newer integrated competition,Most Bidadari uplift is realised; remaining polyclinic and Kallang River plans are contextual rather than fresh price evidence
PARK PLACE RESIDENCES AT PLQ,https://www.edgeprop.sg/condo-apartment/park-place-residences-at-plq,park-place-residences-at-plq,Katong / Eunos,Primary integrated match,429,2019,99-year lease from 2015,Integrated with PLQ and Paya Lebar MRT,https://www.lendlease.com/projects/paya-lebar-quarter/,Closest East-side match to Poiz's mixed-use and direct-rail proposition,Buyers wanting dual-line connectivity and a large retail-office hub,Larger typical units and a Paya Lebar office-hub premium,Paya Lebar Air Base redevelopment is strategic context from the 2030s and should not be priced as near-term uplift
PARC ESTA,https://www.edgeprop.sg/condo-apartment/parc-esta,parc-esta,Katong / Eunos,High-liquidity control,1399,2022,99-year lease from 2018,Near Eunos MRT,https://www.kcl.com.sg/project/parc-esta/,Deepest Eunos bedroom-level resale evidence,Families wanting broad unit choice near Eunos with strong resale depth,Mega-project resale competition and a short post-completion history,Eunos and Paya Lebar regeneration improve long-run context but the project is not directly integrated with MRT or a major mall
SEASIDE RESIDENCES,https://www.edgeprop.sg/condo-apartment/seaside-residences,seaside-residences,Katong / Eunos,Coastal lifestyle control,843,2021,99-year lease from 2016,Near Siglap MRT and East Coast Park,https://www.frasersproperty.com/sg/seaside-residences/explore,Measures the East Coast and TEL lifestyle premium,Buyers explicitly valuing East Coast Park and coastal living over lowest quantum,Sea view and facing create large within-project price dispersion,Bayshore and TEL investment improve amenities while adding future competing housing supply
KATONG REGENCY,https://www.edgeprop.sg/condo-apartment/katong-regency,katong-regency,Katong / Eunos,Tenure sensitivity,244,2015,Freehold,Integrated with KINEX near Paya Lebar MRT,https://uolhomes.com.sg/project/katong-regency/,Qualitative freehold mixed-use sensitivity check,Buyers who prioritise freehold tenure and mixed-use convenience over transaction depth,Thin current bedroom samples and non-comparable freehold tenure,Paya Lebar transformation is supportive but long-dated; current samples are too thin for a primary numerical control
BEDOK RESIDENCES,https://www.edgeprop.sg/condo-apartment/bedok-residences,bedok-residences,Bedok / Tampines,Primary integrated match,583,2015,99-year lease from 2011,Integrated with Bedok Mall and Bedok transport hub,https://www.capitaland.com/en/find-a-property/global-property-listing/residential/bedok-residences.html,Closest mature-town integrated comparison to Poiz,Households wanting mature-town amenities and more family space with direct transport integration,Older project with substantially larger typical family units,New Bedok and Upper Changi housing adds amenities and eventual resale competition; compare quantum together with floor area
THE GLADES,https://www.edgeprop.sg/condo-apartment/the-glades,the-glades,Bedok / Tampines,Near-MRT control,726,2016,99-year lease from 2013,Near Tanah Merah MRT,https://www.lumchang.com.sg/projects_uri/the-glades/,Separates MRT proximity from full mixed-use integration,Buyers seeking lower PSF and rail access near eastern employment nodes,SOHO and dual-key layouts add unit-mix heterogeneity,TEL5 and DTL extension improve East connectivity but are area context rather than project integration
GRANDEUR PARK RESIDENCES,https://www.edgeprop.sg/condo-apartment/grandeur-park-residences,grandeur-park-residences,Bedok / Tampines,Near-MRT control,720,2020,99-year lease from 2016,Near Tanah Merah MRT with minor on-site retail,https://www.chipengseng.com.sg/wp-content/uploads/2021/11/Information-Memorandum.pdf,Close age and 1-2BR quantum control for Poiz,Buyers wanting a newer project near Tanah Merah at Poiz-like compact-unit quantum,Newer completion and limited retail are not equivalent to integration,Eastern rail expansion supports access but does not remove the mixed-use gap versus Poiz
TREASURE AT TAMPINES,https://www.edgeprop.sg/condo-apartment/treasure-at-tampines,treasure-at-tampines,Bedok / Tampines,High-liquidity control,2203,2023,99-year lease from 2018,Large residential project outside direct MRT integration,https://www.ura.gov.sg/-/media/Corporate/Media-Room/2023/Oct/pr23-39e5.pdf,Deepest Tampines family and quantum benchmark,Price-sensitive families prioritising facilities and achieved-sale depth over direct rail integration,Very large project and recent seller cohort increase internal resale competition,Tampines Regional Centre and CRL are useful area context but the project is not station-integrated
