lat,lon,name,stn_code,line,operational
1.3330275154394,103.742370487607,Jurong East,NS1,North South Line,1
1.34903331201636,103.749566478309,Bukit Batok,NS2,North South Line,1
1.35861159094192,103.751790910733,Bukit Gombak,NS3,North South Line,1
1.38536846992147,103.744084909492,Choa Chu Kang,NS4,North South Line,1
1.39753506936297,103.747405150236,Yew Tee,NS5,North South Line,1
1.42508698073648,103.762137459497,Kranji,NS7,North South Line,1
1.43252114855026,103.774074641403,Marsiling,NS8,North South Line,1
1.43681962961519,103.786066799253,Woodlands,NS9,North South Line,1
1.44058856161847,103.800990519771,Admiralty,NS10,North South Line,1
1.44905082158502,103.820046140211,Sembawang,NS11,North South Line,1
1.42944308477331,103.835005047246,Yishun,NS13,North South Line,1
1.41738337009565,103.832979908243,Khatib,NS14,North South Line,1
1.38175587099132,103.84494727118,Yio Chu Kang,NS15,North South Line,1
1.36993284962264,103.849558091776,Ang Mo Kio,NS16,North South Line,1
1.35101889777844,103.850057208608,Bishan,NS17,North South Line,1
1.34010520696434,103.846755921048,Braddell,NS18,North South Line,1
1.33262928096888,103.847502198048,Toa Payoh,NS19,North South Line,1
1.32044079120154,103.843825618748,Novena,NS20,North South Line,1
1.31257031730604,103.838031555215,Newton,NS21,North South Line,1
1.30242224836722,103.823868523249,Orchard,NS22,North South Line,1
1.30025287710542,103.839158336848,Somerset,NS23,North South Line,1
1.29891164362677,103.84629250696,Dhoby Ghaut,NS24,North South Line,1
1.29298990700923,103.852542630339,City Hall,NS25,North South Line,1
1.28393326234538,103.851463066212,Raffles Place,NS26,North South Line,1
1.27631114381584,103.854604975361,Marina Bay,NS27,North South Line,1
1.27102703612006,103.862447515736,Marina South Pier,NS28,North South Line,1
1.36712928287615,103.960557318417,Pasir Ris,EW1,East West Line,1
1.35619148271544,103.9546344625,Tampines,EW2,East West Line,1
1.34319707851829,103.953377214378,Simei,EW3,East West Line,1
1.32718729074675,103.946348600798,Tanah Merah,EW4,East West Line,1
1.32397996868158,103.929984495066,Bedok,EW5,East West Line,1
1.3210381335934,103.912947930851,Kembangan,EW6,East West Line,1
1.31978354916088,103.903225807255,Eunos,EW7,East West Line,1
1.3172473854035,103.892260753884,Paya Lebar,EW8,East West Line,1
1.3164326118157,103.882906044385,Aljunied,EW9,East West Line,1
1.31148890998818,103.871386541754,Kallang,EW10,East West Line,1
1.30739187893137,103.862784610013,Lavender,EW11,East West Line,1
1.30026468984101,103.855614760658,Bugis,EW12,East West Line,1
1.27656131737246,103.845725186759,Tanjong Pagar,EW15,East West Line,1
1.2802415328084,103.840052100136,Outram Park,EW16,East West Line,1
1.28619457890544,103.826998939732,Tiong Bahru,EW17,East West Line,1
1.28963453412887,103.81674097205,Redhill,EW18,East West Line,1
1.29455085184931,103.806077155982,Queenstown,EW19,East West Line,1
1.30250199924325,103.798228523336,Commonwealth,EW20,East West Line,1
1.30627534823257,103.790363200126,Buona Vista,EW21,East West Line,1
1.31140529320963,103.778637841909,Dover,EW22,East West Line,1
1.31511625277378,103.765191452888,Clementi,EW23,East West Line,1
1.34235282081401,103.732596738363,Chinese Garden,EW25,East West Line,1
1.34425911493819,103.720949087456,Lakeside,EW26,East West Line,1
1.33860405469845,103.706064622772,Boon Lay,EW27,East West Line,1
1.33758701106708,103.697321608474,Pioneer,EW28,East West Line,1
1.3277170408447,103.678374996165,Joo Koon,EW29,East West Line,1
1.31947090075208,103.660530461345,Gul Circle,EW30,East West Line,1
1.32102695598684,103.649078235627,Tuas Crescent,EW31,East West Line,1
1.32998504653102,103.639616648771,Tuas West Road,EW32,East West Line,1
1.34088242451105,103.636991425128,Tuas Link,EW33,East West Line,1
1.33454977824817,103.961548211018,Expo,CG1,Changi Airport Branch Line,1
1.35747897447692,103.98788356959,Changi Airport,CG2,Changi Airport Branch Line,1
1.26531139858465,103.820557316696,HarbourFront,NE1,North East Line,1
1.2839640518753,103.843141945391,Chinatown,NE4,North East Line,1
1.28745211415803,103.846119192727,Clarke Quay,NE5,North East Line,1
1.30724381608438,103.849841614124,Little India,NE7,North East Line,1
1.31314029963164,103.854754721344,Farrer Park,NE8,North East Line,1
1.31993957653291,103.862052698446,Boon Keng,NE9,North East Line,1
1.33137808528793,103.869363547741,Potong Pasir,NE10,North East Line,1
1.33982824592182,103.87096088798,Woodleigh,NE11,North East Line,1
1.3510482896351,103.871070417199,Serangoon,NE12,North East Line,1
1.35990191952976,103.884494725197,Kovan,NE13,North East Line,1
1.37033472429161,103.892261757937,Hougang,NE14,North East Line,1
1.38369417199994,103.893049981318,Buangkok,NE15,North East Line,1
1.39169462601522,103.895484694279,Sengkang,NE16,North East Line,1
1.41492733388605,103.910166388177,Punggol,NE17,North East Line,1
1.29686168649656,103.850667371637,Bras Basah,CC2,Circle Line,1
1.29131493573099,103.855192585584,Esplanade,CC3,Circle Line,1
1.29399798636232,103.860350000188,Promenade,CC4,Circle Line,1
1.29976684675139,103.86363696572,Nicoll Highway,CC5,Circle Line,1
1.3028124684707,103.875337711089,Stadium,CC6,Circle Line,1
1.30615406128913,103.883045148696,Mountbatten,CC7,Circle Line,1
1.30843144331463,103.889268208422,Dakota,CC8,Circle Line,1
1.32683963232487,103.890007860464,MacPherson,CC10,Circle Line,1
1.33514150139202,103.888389300191,Tai Seng,CC11,Circle Line,1
1.3424454382925,103.880197087117,Bartley,CC12,Circle Line,1
1.35153128621585,103.864812169514,Lorong Chuan,CC14,Circle Line,1
1.348707263451,103.839423132332,Marymount,CC16,Circle Line,1
1.33734722320212,103.839544077561,Caldecott,CC17,Circle Line,1
1.32238699517166,103.815385463093,Botanic Gardens,CC19,Circle Line,1
1.31743915158967,103.807379214161,Farrer Road,CC20,Circle Line,1
1.31224029631595,103.796399122407,Holland Village,CC21,Circle Line,1
1.29975987493555,103.78745750525,one-north,CC23,Circle Line,1
1.29353349887123,103.784572738173,Kent Ridge,CC24,Circle Line,1
1.28195688684898,103.781988990137,Haw Par Villa,CC25,Circle Line,1
1.27621352233766,103.791350313288,Pasir Panjang,CC26,Circle Line,1
1.27236838626952,103.803416232089,Labrador Park,CC27,Circle Line,1
1.27070647717762,103.809761611219,Telok Blangah,CC28,Circle Line,1
1.28187378879209,103.859079764874,Bayfront,CE1,Circle Line Extension,1
1.37956121236613,103.761188866252,Bukit Panjang,DT1,Downtown Line,1
1.36984601365741,103.764315051619,Cashew,DT2,Downtown Line,1
1.36288845715168,103.767780907707,Hillview,DT3,Downtown Line,1
1.34090149001429,103.775746717778,Beauty World,DT5,Downtown Line,1
1.335893496278,103.783235863233,King Albert Park,DT6,Downtown Line,1
1.33085764536226,103.796906838288,Sixth Avenue,DT7,Downtown Line,1
1.32639224146351,103.806548201692,Tan Kah Kee,DT8,Downtown Line,1
1.32006555750626,103.826024401924,Stevens,DT10,Downtown Line,1
1.30385218527656,103.852769428884,Rochor,DT13,Downtown Line,1
1.27944638178916,103.852840829581,Downtown,DT17,Downtown Line,1
1.28206894769394,103.848648781083,Telok Ayer,DT18,Downtown Line,1
1.29248194822996,103.844331362465,Fort Canning,DT20,Downtown Line,1
1.29891843369422,103.850353762717,Bencoolen,DT21,Downtown Line,1
1.3051713878069,103.855295713435,Jalan Besar,DT22,Downtown Line,1
1.31367252847691,103.862977620945,Bendemeer,DT23,Downtown Line,1
1.32130110228321,103.871622627142,Geylang Bahru,DT24,Downtown Line,1
1.32687671501334,103.883247509542,Mattar,DT25,Downtown Line,1
1.32997425973974,103.899226655439,Ubi,DT27,Downtown Line,1
1.33496735995428,103.908459338046,Kaki Bukit,DT28,Downtown Line,1
1.33474211664091,103.91797832995,Bedok North,DT29,Downtown Line,1
1.33660782955099,103.932234623286,Bedok Reservoir,DT30,Downtown Line,1
1.34551530560119,103.938436971222,Tampines West,DT31,Downtown Line,1
1.35520,103.96108,Tampines East,DT33,Downtown Line,1
1.34173977444995,103.961472788634,Upper Changi,DT34,Downtown Line,1
1.38029828742399,103.745291799824,South View,BP2,Bukit Panjang LRT,1
1.3786032506373,103.749055668925,Keat Hong,BP3,Bukit Panjang LRT,1
1.37668467920808,103.753712232337,Teck Whye,BP4,Bukit Panjang LRT,1
1.37861545104083,103.757995558346,Phoenix,BP5,Bukit Panjang LRT,1
1.37777204259082,103.766645782497,Petir,BP7,Bukit Panjang LRT,1
1.37613574334988,103.771261175571,Pending,BP8,Bukit Panjang LRT,1
1.38002223010088,103.772647370452,Bangkit,BP9,Bukit Panjang LRT,1
1.38457317668026,103.770887223018,Fajar,BP10,Bukit Panjang LRT,1
1.38778508663361,103.769599685249,Segar,BP11,Bukit Panjang LRT,1
1.38673926997961,103.76453408646,Jelapang,BP12,Bukit Panjang LRT,1
1.38272547134453,103.76234425472,Senja,BP13,Bukit Panjang LRT,1
1.39449304450373,103.900492450944,Compassvale,SE1,Sengkang LRT,1
1.39146849534132,103.90597359341,Rumbia,SE2,Sengkang LRT,1
1.38799431054768,103.905415300171,Bakau,SE3,Sengkang LRT,1
1.38395911688913,103.90222537044,Kangkar,SE4,Sengkang LRT,1
1.38423355918277,103.897194667804,Ranggung,SE5,Sengkang LRT,1
1.39627763344324,103.893797181731,Cheng Lim,SW1,Sengkang LRT,1
1.39717019591821,103.889304824196,Farmway,SW2,Sengkang LRT,1
1.39821283031379,103.881256222255,Kupang,SW3,Sengkang LRT,1
1.39731815581938,103.875635154729,Thanggam,SW4,Sengkang LRT,1
1.39188589234766,103.87630862552,Fernvale,SW5,Sengkang LRT,1
1.39207983659997,103.880029600546,Layar,SW6,Sengkang LRT,1
1.38934794658941,103.885844150116,Tongkang,SW7,Sengkang LRT,1
1.38670058991904,103.89062131608,Renjong,SW8,Sengkang LRT,1
1.39928198837342,103.905961941214,Cove,PE1,Punggol LRT,1
1.3969120498774,103.908950224489,Meridian,PE2,Punggol LRT,1
1.39390922863313,103.912580845515,Coral Edge,PE3,Punggol LRT,1
1.39451978540251,103.916169381157,Riviera,PE4,Punggol LRT,1
1.39950910636258,103.916574974234,Kadaloor,PE5,Punggol LRT,1
1.40228667971123,103.912727352412,Oasis,PE6,Punggol LRT,1
1.40523483636957,103.908603542566,Damai,PE7,Punggol LRT,1
1.40961268528804,103.904831550608,Sam Kee,PW1,Punggol LRT,1
1.4127708937463,103.906577622768,Teck Lee,PW2,Punggol LRT,1
1.41684852031206,103.906650789313,Punggol Point,PW3,Punggol LRT,1
1.41590172160383,103.902156317163,Samudera,PW4,Punggol LRT,1
1.41185447744238,103.900339452055,Nibong,PW5,Punggol LRT,1
1.40845241943079,103.898558450395,Sumang,PW6,Punggol LRT,1
1.40532331860455,103.897290522033,Soo Teck,PW7,Punggol LRT,1
1.44967,103.82988,Canberra,NS12,North South Line,1
1.30223,103.90737,Marine Parade,TE26,Thomson-East Coast Line,1
1.37480,103.74100,Tengah (JRL planned),JR1,Jurong Region Line,0
1.38597,103.83682,Lentor,TE5,Thomson-East Coast Line,1
1.31600,103.93900,Bedok South,TE30,Thomson-East Coast Line,0
1.32050,103.94200,Sungei Bedok,TE31,Thomson-East Coast Line,0
1.30200,103.86200,Founders' Memorial,TE22A,Thomson-East Coast Line,0
