lat,lon,name,mainlevel_code,type_code,zone_code,nature_code,autonomous_ind,gifted_ind,ip_ind,sap_ind,postal_code
1.4426347903311,103.800040119743,ADMIRALTY PRIMARY SCHOOL,PRIMARY,GOVERNMENT SCHOOL,NORTH,CO-ED SCHOOL,No,No,No,No,738907
1.44589068910993,103.802398196596,ADMIRALTY SECONDARY SCHOOL,SECONDARY (S1-S5),GOVERNMENT SCHOOL,NORTH,CO-ED SCHOOL,No,No,No,No,737916
1.43315271543517,103.832942401086,AHMAD IBRAHIM PRIMARY SCHOOL,PRIMARY,GOVERNMENT SCHOOL,NORTH,CO-ED SCHOOL,No,No,No,No,768643
1.43605975368804,103.829718690077,AHMAD IBRAHIM SECONDARY SCHOOL,SECONDARY (S1-S5),GOVERNMENT SCHOOL,NORTH,CO-ED SCHOOL,No,No,No,No,768928
1.3605834338904,103.833020333986,AI TONG SCHOOL,PRIMARY,GOVERNMENT-AIDED SCH,SOUTH,CO-ED SCHOOL,No,No,No,Yes,579646
1.2912990413487,103.823940802388,ALEXANDRA PRIMARY SCHOOL,PRIMARY,GOVERNMENT SCHOOL,SOUTH,CO-ED SCHOOL,No,No,No,No,159016
1.39036998654612,103.887165375933,ANCHOR GREEN PRIMARY SCHOOL,PRIMARY,GOVERNMENT SCHOOL,NORTH,CO-ED SCHOOL,No,No,No,No,544969
1.38419941907925,103.841411716006,ANDERSON PRIMARY SCHOOL,PRIMARY,GOVERNMENT SCHOOL,NORTH,CO-ED SCHOOL,No,No,No,No,569785
1.37434001701177,103.851554107068,ANDERSON SECONDARY SCHOOL,SECONDARY (S1-S5),GOVERNMENT SCHOOL,NORTH,CO-ED SCHOOL,Yes,No,No,No,569206
1.36504342002442,103.887038809373,ANDERSON SERANGOON JUNIOR COLLEGE,JUNIOR COLLEGE,GOVERNMENT SCHOOL,NORTH,CO-ED SCHOOL,No,No,No,No,534768
1.36932176584608,103.839630858752,ANG MO KIO PRIMARY SCHOOL,PRIMARY,GOVERNMENT SCHOOL,SOUTH,CO-ED SCHOOL,No,No,No,No,569920
1.36733710171069,103.842154973672,ANG MO KIO SECONDARY SCHOOL,SECONDARY (S1-S5),GOVERNMENT SCHOOL,SOUTH,CO-ED SCHOOL,No,No,No,No,569362
1.33058126205128,103.941082513081,ANGLICAN HIGH SCHOOL,SECONDARY (S1-S4),GOVERNMENT-AIDED SCH,EAST,CO-ED SCHOOL,Yes,No,No,Yes,487012
1.30304255193392,103.785358436408,ANGLO-CHINESE JUNIOR COLLEGE,JUNIOR COLLEGE,GOVERNMENT-AIDED SCH,WEST,CO-ED SCHOOL,No,No,No,No,139745
1.31961649151328,103.835772689988,ANGLO-CHINESE SCHOOL (BARKER ROAD),SECONDARY (S1-S5),GOVERNMENT-AIDED SCH,SOUTH,BOYS' SCHOOL,No,No,No,No,309919
1.30370409257783,103.780363417671,ANGLO-CHINESE SCHOOL (INDEPENDENT),MIXED LEVEL (S1-JC2),INDEPENDENT SCHOOL,SOUTH,CO-ED SCHOOL,No,Yes,Yes,No,139650
1.30935041274966,103.840950265464,ANGLO-CHINESE SCHOOL (JUNIOR),PRIMARY,GOVERNMENT-AIDED SCH,SOUTH,BOYS' SCHOOL,No,No,No,No,227988
1.31837054523521,103.835609732354,ANGLO-CHINESE SCHOOL (PRIMARY),PRIMARY,GOVERNMENT-AIDED SCH,SOUTH,BOYS' SCHOOL,No,Yes,No,No,309918
1.36360590588314,103.9389409004,ANGSANA PRIMARY SCHOOL,PRIMARY,GOVERNMENT SCHOOL,EAST,CO-ED SCHOOL,No,No,No,No,528565
1.36838160662857,103.766687526556,ASSUMPTION ENGLISH SCHOOL,SECONDARY (S1-S5),GOVERNMENT-AIDED SCH,WEST,CO-ED SCHOOL,No,No,No,No,678117
1.3696707043227,103.765959130581,ASSUMPTION PATHWAY SCHOOL,SECONDARY (S1-S4),SPECIALISED INDEPENDENT SCHOOL,WEST,CO-ED SCHOOL,No,No,No,No,679697
1.33995415587811,103.882806211705,BARTLEY SECONDARY SCHOOL,SECONDARY (S1-S5),GOVERNMENT SCHOOL,SOUTH,CO-ED SCHOOL,No,No,No,No,538403
1.38394936211823,103.773632022975,BEACON PRIMARY SCHOOL,PRIMARY,GOVERNMENT SCHOOL,WEST,CO-ED SCHOOL,No,No,No,No,679944
1.341790284928,103.852280842345,BEATTY SECONDARY SCHOOL,SECONDARY (S1-S5),GOVERNMENT SCHOOL,SOUTH,CO-ED SCHOOL,No,No,No,No,318990
1.32344593287992,103.937878976352,BEDOK GREEN PRIMARY SCHOOL,PRIMARY,GOVERNMENT SCHOOL,EAST,CO-ED SCHOOL,No,No,No,No,469317
1.33451947288431,103.935028383346,BEDOK GREEN SECONDARY SCHOOL,SECONDARY (S1-S5),GOVERNMENT SCHOOL,EAST,CO-ED SCHOOL,No,No,No,No,469722
1.32513655159184,103.950989139261,BEDOK SOUTH SECONDARY SCHOOL,SECONDARY (S1-S5),GOVERNMENT SCHOOL,EAST,CO-ED SCHOOL,No,No,No,No,468585
1.32415704029686,103.943776245024,BEDOK VIEW SECONDARY SCHOOL,SECONDARY (S1-S5),GOVERNMENT SCHOOL,EAST,CO-ED SCHOOL,No,No,No,No,469293
1.32181250780475,103.865404167629,BENDEMEER PRIMARY SCHOOL,PRIMARY,GOVERNMENT SCHOOL,SOUTH,CO-ED SCHOOL,No,No,No,No,339948
1.32461111307996,103.860970284401,BENDEMEER SECONDARY SCHOOL,SECONDARY (S1-S5),GOVERNMENT SCHOOL,SOUTH,CO-ED SCHOOL,No,No,No,No,327919
1.27614522920998,103.80861316604,BLANGAH RISE PRIMARY SCHOOL,PRIMARY,GOVERNMENT SCHOOL,SOUTH,CO-ED SCHOOL,No,No,No,No,109100
1.34284013791617,103.712858381937,BOON LAY GARDEN PRIMARY SCHOOL,PRIMARY,GOVERNMENT SCHOOL,WEST,CO-ED SCHOOL,No,No,No,No,649930
1.34272216334333,103.701891453912,BOON LAY SECONDARY SCHOOL,SECONDARY (S1-S5),GOVERNMENT SCHOOL,WEST,CO-ED SCHOOL,No,No,No,No,648354
1.37035994436209,103.877659577677,BOWEN SECONDARY SCHOOL,SECONDARY (S1-S5),GOVERNMENT SCHOOL,NORTH,CO-ED SCHOOL,No,No,No,No,547529
1.30705061123433,103.886917922608,BROADRICK SECONDARY SCHOOL,SECONDARY (S1-S5),GOVERNMENT SCHOOL,EAST,CO-ED SCHOOL,No,No,No,No,399935
1.34849111079052,103.74087370482,BUKIT BATOK SECONDARY SCHOOL,SECONDARY (S1-S5),GOVERNMENT SCHOOL,WEST,CO-ED SCHOOL,No,No,No,No,658962
1.28569283064288,103.813438929393,BUKIT MERAH SECONDARY SCHOOL,SECONDARY (S1-S5),GOVERNMENT SCHOOL,SOUTH,CO-ED SCHOOL,No,No,No,No,159050
1.38224243360043,103.738361221869,BUKIT PANJANG GOVT. HIGH SCHOOL,SECONDARY (S1-S5),GOVERNMENT SCHOOL,WEST,CO-ED SCHOOL,Yes,No,No,No,689809
1.37350089986584,103.769417337654,BUKIT PANJANG PRIMARY SCHOOL,PRIMARY,GOVERNMENT SCHOOL,WEST,CO-ED SCHOOL,No,No,No,No,679676
1.3377498622588,103.766855344779,BUKIT TIMAH PRIMARY SCHOOL,PRIMARY,GOVERNMENT SCHOOL,WEST,CO-ED SCHOOL,No,No,No,No,598112
1.34586054788695,103.75366641455,BUKIT VIEW PRIMARY SCHOOL,PRIMARY,GOVERNMENT SCHOOL,WEST,CO-ED SCHOOL,No,No,No,No,659634
1.3457330554294,103.752226593984,BUKIT VIEW SECONDARY SCHOOL,SECONDARY (S1-S5),GOVERNMENT SCHOOL,WEST,CO-ED SCHOOL,No,No,No,No,659633
1.45125024371543,103.815858858929,CANBERRA PRIMARY SCHOOL,PRIMARY,GOVERNMENT SCHOOL,NORTH,CO-ED SCHOOL,No,No,No,No,757714
1.45319086315972,103.814203583818,CANBERRA SECONDARY SCHOOL,SECONDARY (S1-S5),GOVERNMENT SCHOOL,NORTH,CO-ED SCHOOL,No,No,No,No,757699
1.32664424544839,103.882227964852,CANOSSA CATHOLIC PRIMARY SCHOOL,PRIMARY,GOVERNMENT-AIDED SCH,EAST,CO-ED SCHOOL,No,No,No,No,387621
1.27547252623201,103.839962631748,CANTONMENT PRIMARY SCHOOL,PRIMARY,GOVERNMENT SCHOOL,SOUTH,CO-ED SCHOOL,No,No,No,No,88256
1.37246063927999,103.957020286115,CASUARINA PRIMARY SCHOOL,PRIMARY,GOVERNMENT SCHOOL,EAST,CO-ED SCHOOL,No,No,No,No,518935
1.35452517065756,103.844900804804,CATHOLIC HIGH SCHOOL,MIXED LEVEL (P1-S4),GOVERNMENT-AIDED SCH,NORTH,BOYS' SCHOOL,Yes,Yes,Yes,Yes,579767
1.32455605783219,103.835028842353,CATHOLIC JUNIOR COLLEGE,JUNIOR COLLEGE,GOVERNMENT-AIDED SCH,SOUTH,CO-ED SCHOOL,No,No,No,No,297822
1.33375800216334,103.873933064886,CEDAR GIRLS' SECONDARY SCHOOL,SECONDARY (S1-S4),GOVERNMENT SCHOOL,SOUTH,GIRLS' SCHOOL,Yes,No,Yes,No,349692
1.33566084356265,103.87562006259,CEDAR PRIMARY SCHOOL,PRIMARY,GOVERNMENT SCHOOL,SOUTH,CO-ED SCHOOL,No,No,No,No,349700
1.33950630072876,103.953245525564,CHANGKAT CHANGI SECONDARY SCHOOL,SECONDARY (S1-S5),GOVERNMENT SCHOOL,EAST,CO-ED SCHOOL,No,No,No,No,529894
1.34023163951633,103.952080114035,CHANGKAT PRIMARY SCHOOL,PRIMARY,GOVERNMENT SCHOOL,EAST,CO-ED SCHOOL,No,No,No,No,529896
1.30648535277087,103.911105620496,CHIJ (KATONG) PRIMARY,PRIMARY,GOVERNMENT-AIDED SCH,EAST,GIRLS' SCHOOL,No,No,No,No,424821
1.275022722964,103.828157564896,CHIJ (KELLOCK),PRIMARY,GOVERNMENT-AIDED SCH,SOUTH,GIRLS' SCHOOL,No,No,No,No,99757
1.30644268034894,103.917144350028,CHIJ KATONG CONVENT,SECONDARY (S1-S5),GOVERNMENT-AIDED SCH,EAST,GIRLS' SCHOOL,Yes,No,No,No,449150
1.35742952269615,103.864009397373,CHIJ OUR LADY OF GOOD COUNSEL,PRIMARY,GOVERNMENT-AIDED SCH,SOUTH,GIRLS' SCHOOL,No,No,No,No,558979
1.37330297140128,103.897575728303,CHIJ OUR LADY OF THE NATIVITY,PRIMARY,GOVERNMENT-AIDED SCH,SOUTH,GIRLS' SCHOOL,No,No,No,No,534793
1.366603668561,103.767412204602,CHIJ OUR LADY QUEEN OF PEACE,PRIMARY,GOVERNMENT-AIDED SCH,WEST,GIRLS' SCHOOL,No,No,No,No,679287
1.33275264711587,103.841847263786,CHIJ PRIMARY (TOA PAYOH),PRIMARY,GOVERNMENT-AIDED SCH,SOUTH,GIRLS' SCHOOL,No,No,No,No,319765
1.33246079948303,103.843271625083,CHIJ SECONDARY (TOA PAYOH),SECONDARY (S1-S5),GOVERNMENT-AIDED SCH,SOUTH,GIRLS' SCHOOL,Yes,No,No,No,319764
1.39175222260369,103.902464991543,CHIJ ST. JOSEPH'S CONVENT,SECONDARY (S1-S5),GOVERNMENT-AIDED SCH,NORTH,GIRLS' SCHOOL,No,No,No,No,548595
1.37347687878916,103.834253269436,CHIJ ST. NICHOLAS GIRLS' SCHOOL,MIXED LEVEL (P1-S4),GOVERNMENT-AIDED SCH,NORTH,GIRLS' SCHOOL,Yes,No,Yes,Yes,569405
1.27535177510054,103.822440701642,CHIJ ST. THERESA'S CONVENT,SECONDARY (S1-S5),GOVERNMENT-AIDED SCH,SOUTH,GIRLS' SCHOOL,No,No,No,No,99138
1.43846230429529,103.839070714229,CHONGFU SCHOOL,PRIMARY,GOVERNMENT-AIDED SCH,NORTH,CO-ED SCHOOL,No,No,No,No,768959
1.35061130568554,103.951317297552,CHONGZHENG PRIMARY SCHOOL,PRIMARY,GOVERNMENT SCHOOL,EAST,CO-ED SCHOOL,No,No,No,No,529392
1.42653981910601,103.792987223691,CHRIST CHURCH SECONDARY SCHOOL,SECONDARY (S1-S5),GOVERNMENT-AIDED SCH,NORTH,CO-ED SCHOOL,No,No,No,No,737924
1.37775890093367,103.741832917421,CHUA CHU KANG PRIMARY SCHOOL,PRIMARY,GOVERNMENT SCHOOL,WEST,CO-ED SCHOOL,No,No,No,No,689905
1.38333422637073,103.75510327583,CHUA CHU KANG SECONDARY SCHOOL,SECONDARY (S1-S5),GOVERNMENT SCHOOL,WEST,CO-ED SCHOOL,No,No,No,No,688848
1.30483557242719,103.890712775053,CHUNG CHENG HIGH SCHOOL (MAIN),SECONDARY (S1-S4),GOVERNMENT-AIDED SCH,EAST,CO-ED SCHOOL,Yes,No,No,Yes,439012
1.41922603586175,103.837390782849,CHUNG CHENG HIGH SCHOOL (YISHUN),SECONDARY (S1-S5),GOVERNMENT-AIDED SCH,NORTH,CO-ED SCHOOL,No,No,No,No,768547
1.31506321827875,103.763144493687,CLEMENTI PRIMARY SCHOOL,PRIMARY,GOVERNMENT SCHOOL,WEST,CO-ED SCHOOL,No,No,No,No,129903
1.31553912945073,103.762020598524,CLEMENTI TOWN SECONDARY SCHOOL,SECONDARY (S1-S5),GOVERNMENT SCHOOL,WEST,CO-ED SCHOOL,No,No,No,No,129904
1.31920395934801,103.745637393049,COMMONWEALTH SECONDARY SCHOOL,SECONDARY (S1-S5),GOVERNMENT SCHOOL,WEST,CO-ED SCHOOL,Yes,No,No,No,608784
1.39443093598545,103.897904958974,COMPASSVALE PRIMARY SCHOOL,PRIMARY,GOVERNMENT SCHOOL,NORTH,CO-ED SCHOOL,No,No,No,No,545091
1.39614083952009,103.899847164494,COMPASSVALE SECONDARY SCHOOL,SECONDARY (S1-S5),GOVERNMENT SCHOOL,NORTH,CO-ED SCHOOL,No,No,No,No,545083
1.38026516111464,103.736554295636,CONCORD PRIMARY SCHOOL,PRIMARY,GOVERNMENT SCHOOL,WEST,CO-ED SCHOOL,No,No,No,No,689814
1.35148548772662,103.707578404944,CORPORATION PRIMARY SCHOOL,PRIMARY,GOVERNMENT SCHOOL,WEST,CO-ED SCHOOL,No,No,No,No,648347
1.29331947077104,103.817544461755,CRESCENT GIRLS' SCHOOL,SECONDARY (S1-S4),GOVERNMENT SCHOOL,SOUTH,GIRLS' SCHOOL,Yes,No,No,No,247961
1.3431198045076,103.742628105304,CREST SECONDARY SCHOOL,SECONDARY (S1-S4),SPECIALISED INDEPENDENT SCHOOL,WEST,CO-ED SCHOOL,No,No,No,No,609561
1.33524602829747,103.921286435321,DAMAI PRIMARY SCHOOL,PRIMARY,GOVERNMENT SCHOOL,EAST,CO-ED SCHOOL,No,No,No,No,479226
1.33692798510393,103.927091653438,DAMAI SECONDARY SCHOOL,SECONDARY (S1-S5),GOVERNMENT SCHOOL,EAST,CO-ED SCHOOL,No,No,No,No,479229
1.3591797447277,103.74847210784,DAZHONG PRIMARY SCHOOL,PRIMARY,GOVERNMENT SCHOOL,WEST,CO-ED SCHOOL,No,No,No,No,659441
1.3947078296399,103.743201812831,DE LA SALLE SCHOOL,PRIMARY,GOVERNMENT-AIDED SCH,WEST,CO-ED SCHOOL,No,No,No,No,689285
1.36599702567717,103.852545772422,DEYI SECONDARY SCHOOL,SECONDARY (S1-S5),GOVERNMENT SCHOOL,SOUTH,CO-ED SCHOOL,No,No,No,No,569277
1.36357900792871,103.74472109107,DUNEARN SECONDARY SCHOOL,SECONDARY (S1-S5),GOVERNMENT SCHOOL,WEST,CO-ED SCHOOL,No,No,No,No,659204
1.29996216014962,103.88294155989,DUNMAN HIGH SCHOOL,MIXED LEVEL (S1-JC2),GOVERNMENT SCHOOL,EAST,CO-ED SCHOOL,Yes,Yes,Yes,Yes,436895
1.36065258337022,103.956213906966,DUNMAN SECONDARY SCHOOL,SECONDARY (S1-S5),GOVERNMENT SCHOOL,EAST,CO-ED SCHOOL,Yes,No,No,No,529093
1.35268400746357,103.961676849165,EAST SPRING PRIMARY SCHOOL,PRIMARY,GOVERNMENT SCHOOL,EAST,CO-ED SCHOOL,No,No,No,No,529258
1.35622508992581,103.960640700298,EAST SPRING SECONDARY SCHOOL,SECONDARY (S1-S5),GOVERNMENT SCHOOL,EAST,CO-ED SCHOOL,No,No,No,No,529231
1.40009139510996,103.907847599114,EDGEFIELD PRIMARY SCHOOL,PRIMARY,GOVERNMENT SCHOOL,EAST,CO-ED SCHOOL,No,No,No,No,828869
1.40059309981824,103.902687385465,EDGEFIELD SECONDARY SCHOOL,SECONDARY (S1-S5),GOVERNMENT SCHOOL,EAST,CO-ED SCHOOL,No,No,No,No,828814
1.37505696315817,103.945289416873,ELIAS PARK PRIMARY SCHOOL,PRIMARY,GOVERNMENT SCHOOL,EAST,CO-ED SCHOOL,No,No,No,No,518866
1.45388170417263,103.817174701639,ENDEAVOUR PRIMARY SCHOOL,PRIMARY,GOVERNMENT SCHOOL,NORTH,CO-ED SCHOOL,No,No,No,No,757521
1.36213757183547,103.841286169122,EUNOIA JUNIOR COLLEGE,JUNIOR COLLEGE,GOVERNMENT SCHOOL,NORTH,CO-ED SCHOOL,No,No,Yes,No,573838
1.44414835451585,103.794545295922,EVERGREEN PRIMARY SCHOOL,PRIMARY,GOVERNMENT SCHOOL,NORTH,CO-ED SCHOOL,No,No,No,No,738908
1.44149131273737,103.794137756171,EVERGREEN SECONDARY SCHOOL,SECONDARY (S1-S5),GOVERNMENT SCHOOL,NORTH,CO-ED SCHOOL,No,No,No,No,738489
1.30100441916733,103.785455606827,FAIRFIELD METHODIST SCHOOL (PRIMARY),PRIMARY,GOVERNMENT-AIDED SCH,SOUTH,CO-ED SCHOOL,No,No,No,No,139648
1.30163374395823,103.784099647149,FAIRFIELD METHODIST SCHOOL (SECONDARY),SECONDARY (S1-S5),GOVERNMENT-AIDED SCH,SOUTH,CO-ED SCHOOL,Yes,No,No,No,139649
1.31243078021903,103.850770929023,FARRER PARK PRIMARY SCHOOL,PRIMARY,GOVERNMENT SCHOOL,SOUTH,CO-ED SCHOOL,No,No,No,No,217567
1.32980598760785,103.931710293058,FENGSHAN PRIMARY SCHOOL,PRIMARY,GOVERNMENT SCHOOL,EAST,CO-ED SCHOOL,No,No,No,No,469680
1.39726966050479,103.880330305684,FERN GREEN PRIMARY SCHOOL,PRIMARY,GOVERNMENT SCHOOL,NORTH,CO-ED SCHOOL,No,No,No,No,797538
1.38997939874565,103.874100979909,FERNVALE PRIMARY SCHOOL,PRIMARY,GOVERNMENT SCHOOL,NORTH,CO-ED SCHOOL,No,No,No,No,797701
1.34032299499938,103.855529906182,FIRST TOA PAYOH PRIMARY SCHOOL,PRIMARY,GOVERNMENT SCHOOL,SOUTH,CO-ED SCHOOL,No,No,No,No,319252
1.33641298743234,103.69970173931,FRONTIER PRIMARY SCHOOL,PRIMARY,GOVERNMENT SCHOOL,WEST,CO-ED SCHOOL,No,No,No,No,648200
1.43047990810126,103.778192944298,FUCHUN PRIMARY SCHOOL,PRIMARY,GOVERNMENT SCHOOL,NORTH,CO-ED SCHOOL,No,No,No,No,739063
1.33659726465816,103.736089481883,FUHUA PRIMARY SCHOOL,PRIMARY,GOVERNMENT SCHOOL,WEST,CO-ED SCHOOL,No,No,No,No,609647
1.34701408913756,103.72652089832,FUHUA SECONDARY SCHOOL,SECONDARY (S1-S5),GOVERNMENT SCHOOL,WEST,CO-ED SCHOOL,No,No,No,No,649410
1.28595540299542,103.815228209494,GAN ENG SENG PRIMARY SCHOOL,PRIMARY,GOVERNMENT SCHOOL,SOUTH,CO-ED SCHOOL,No,No,No,No,158901
1.28907114485773,103.823733673089,GAN ENG SENG SCHOOL,SECONDARY (S1-S5),GOVERNMENT SCHOOL,SOUTH,CO-ED SCHOOL,No,No,No,No,159561
1.31814416827374,103.883628501601,GEYLANG METHODIST SCHOOL (PRIMARY),PRIMARY,GOVERNMENT-AIDED SCH,EAST,CO-ED SCHOOL,No,No,No,No,389706
1.31764900474601,103.882661129303,GEYLANG METHODIST SCHOOL (SECONDARY),SECONDARY (S1-S5),GOVERNMENT-AIDED SCH,EAST,CO-ED SCHOOL,No,No,No,No,389705
1.35711606790292,103.949144797277,GONGSHANG PRIMARY SCHOOL,PRIMARY,GOVERNMENT SCHOOL,EAST,CO-ED SCHOOL,No,No,No,No,529176
1.39648195114256,103.91233462071,GREENDALE PRIMARY SCHOOL,PRIMARY,GOVERNMENT SCHOOL,EAST,CO-ED SCHOOL,No,No,No,No,828848
1.39696019936894,103.91170014084,GREENDALE SECONDARY SCHOOL,SECONDARY (S1-S5),GOVERNMENT SCHOOL,EAST,CO-ED SCHOOL,No,No,No,No,828866
1.3858892193692,103.767794469258,GREENRIDGE PRIMARY SCHOOL,PRIMARY,GOVERNMENT SCHOOL,WEST,CO-ED SCHOOL,No,No,No,No,677744
1.375600053443,103.763998914082,GREENRIDGE SECONDARY SCHOOL,SECONDARY (S1-S5),GOVERNMENT SCHOOL,WEST,CO-ED SCHOOL,No,No,No,No,678972
1.43989958331782,103.804725587384,GREENWOOD PRIMARY SCHOOL,PRIMARY,GOVERNMENT SCHOOL,NORTH,CO-ED SCHOOL,No,No,No,No,737942
1.34440943525695,103.850212163078,GUANGYANG SECONDARY SCHOOL,SECONDARY (S1-S5),GOVERNMENT SCHOOL,SOUTH,CO-ED SCHOOL,No,No,No,No,579807
1.3743371707478,103.954544548905,HAI SING CATHOLIC SCHOOL,SECONDARY (S1-S5),GOVERNMENT-AIDED SCH,EAST,CO-ED SCHOOL,No,No,No,No,519421
1.31194344271383,103.902902557195,HAIG GIRLS' SCHOOL,PRIMARY,GOVERNMENT SCHOOL,EAST,GIRLS' SCHOOL,No,No,No,No,427072
1.31667646178347,103.784296227747,HENRY PARK PRIMARY SCHOOL,PRIMARY,GOVERNMENT SCHOOL,WEST,CO-ED SCHOOL,No,Yes,No,No,278790
1.35273576615912,103.752986488399,HILLGROVE SECONDARY SCHOOL,SECONDARY (S1-S5),GOVERNMENT SCHOOL,WEST,CO-ED SCHOOL,No,No,No,No,659250
1.37154508822261,103.896398814264,HOLY INNOCENTS' HIGH SCHOOL,SECONDARY (S1-S5),GOVERNMENT-AIDED SCH,SOUTH,CO-ED SCHOOL,No,No,No,No,534786
1.36693830877349,103.894114899795,HOLY INNOCENTS' PRIMARY SCHOOL,PRIMARY,GOVERNMENT-AIDED SCH,SOUTH,CO-ED SCHOOL,No,No,No,Yes,536451
1.32175999964553,103.857628468881,HONG WEN SCHOOL,PRIMARY,GOVERNMENT-AIDED SCH,SOUTH,CO-ED SCHOOL,No,No,No,Yes,327829
1.399550034492,103.913404855665,HORIZON PRIMARY SCHOOL,PRIMARY,GOVERNMENT SCHOOL,EAST,CO-ED SCHOOL,No,No,No,No,828819
1.37738245231461,103.880805274557,HOUGANG PRIMARY SCHOOL,PRIMARY,GOVERNMENT SCHOOL,NORTH,CO-ED SCHOOL,No,No,No,No,534238
1.3776287955319,103.882539108965,HOUGANG SECONDARY SCHOOL,SECONDARY (S1-S5),GOVERNMENT SCHOOL,NORTH,CO-ED SCHOOL,No,No,No,No,534256
1.35234365488339,103.721832320169,HUA YI SECONDARY SCHOOL,SECONDARY (S1-S5),GOVERNMENT SCHOOL,WEST,CO-ED SCHOOL,No,No,No,No,649371
1.42697284512936,103.844240226564,HUAMIN PRIMARY SCHOOL,PRIMARY,GOVERNMENT SCHOOL,NORTH,CO-ED SCHOOL,No,No,No,No,768857
1.3263580622144,103.803290365022,HWA CHONG INSTITUTION,MIXED LEVEL (S1-JC2),INDEPENDENT SCHOOL,WEST,CO-ED SCHOOL,No,Yes,Yes,Yes,269734
1.42896700684852,103.790607539185,INNOVA PRIMARY SCHOOL,PRIMARY,GOVERNMENT SCHOOL,NORTH,CO-ED SCHOOL,No,No,No,No,737888
1.42768847665227,103.830425490093,JIEMIN PRIMARY SCHOOL,PRIMARY,GOVERNMENT SCHOOL,NORTH,CO-ED SCHOOL,No,No,No,No,768515
1.37196445720109,103.851763531681,JING SHAN PRIMARY SCHOOL,PRIMARY,GOVERNMENT SCHOOL,SOUTH,CO-ED SCHOOL,No,No,No,No,569228
1.34787074766746,103.939221709073,JUNYUAN PRIMARY SCHOOL,PRIMARY,GOVERNMENT SCHOOL,EAST,CO-ED SCHOOL,No,No,No,No,528906
1.35361315263537,103.933886165824,JUNYUAN SECONDARY SCHOOL,SECONDARY (S1-S5),GOVERNMENT SCHOOL,EAST,CO-ED SCHOOL,No,No,No,No,528933
1.38437406410733,103.75437461519,JURONG PIONEER JUNIOR COLLEGE,JUNIOR COLLEGE,GOVERNMENT SCHOOL,WEST,CO-ED SCHOOL,No,No,No,No,688258
1.34843859698946,103.733156566858,JURONG PRIMARY SCHOOL,PRIMARY,GOVERNMENT SCHOOL,WEST,CO-ED SCHOOL,No,No,No,No,609476
1.33002032220942,103.723952961648,JURONG SECONDARY SCHOOL,SECONDARY (S1-S5),GOVERNMENT SCHOOL,WEST,CO-ED SCHOOL,No,No,No,No,618652
1.33917519796104,103.698803732244,JURONG WEST PRIMARY SCHOOL,PRIMARY,GOVERNMENT SCHOOL,WEST,CO-ED SCHOOL,No,No,No,No,648368
1.33525634688323,103.702098904443,JURONG WEST SECONDARY SCHOOL,SECONDARY (S1-S5),GOVERNMENT SCHOOL,WEST,CO-ED SCHOOL,No,No,No,No,648348
1.35128862770284,103.728907710089,JURONGVILLE SECONDARY SCHOOL,SECONDARY (S1-S5),GOVERNMENT SCHOOL,WEST,CO-ED SCHOOL,No,No,No,No,609790
1.3387227734133,103.687310264575,JUYING SECONDARY SCHOOL,SECONDARY (S1-S5),GOVERNMENT SCHOOL,WEST,CO-ED SCHOOL,No,No,No,No,649038
1.34552849960874,103.756449399351,KEMING PRIMARY SCHOOL,PRIMARY,GOVERNMENT SCHOOL,WEST,CO-ED SCHOOL,No,No,No,No,659762
1.30122773426098,103.764889617566,KENT RIDGE SECONDARY SCHOOL,SECONDARY (S1-S5),GOVERNMENT SCHOOL,WEST,CO-ED SCHOOL,No,No,No,No,127368
1.3373381935639,103.847148501824,KHENG CHENG SCHOOL,PRIMARY,GOVERNMENT-AIDED SCH,SOUTH,CO-ED SCHOOL,No,No,No,No,319580
1.31099674009193,103.888352029067,KONG HWA SCHOOL,PRIMARY,GOVERNMENT-AIDED SCH,EAST,CO-ED SCHOOL,No,No,No,Yes,399772
1.39356050497104,103.747362720939,KRANJI PRIMARY SCHOOL,PRIMARY,GOVERNMENT SCHOOL,WEST,CO-ED SCHOOL,No,No,No,No,689189
1.39005109871311,103.741190664845,KRANJI SECONDARY SCHOOL,SECONDARY (S1-S5),GOVERNMENT SCHOOL,WEST,CO-ED SCHOOL,No,No,No,No,689333
1.34939813669536,103.855018233311,KUO CHUAN PRESBYTERIAN PRIMARY SCHOOL,PRIMARY,GOVERNMENT-AIDED SCH,SOUTH,CO-ED SCHOOL,No,No,No,No,579793
1.35017129930314,103.854983746416,KUO CHUAN PRESBYTERIAN SECONDARY SCHOOL,SECONDARY (S1-S5),GOVERNMENT-AIDED SCH,SOUTH,CO-ED SCHOOL,No,No,No,No,579795
1.33820397704287,103.718089546664,LAKESIDE PRIMARY SCHOOL,PRIMARY,GOVERNMENT SCHOOL,WEST,CO-ED SCHOOL,No,No,No,No,618310
1.35424191127295,103.754165828711,LIANHUA PRIMARY SCHOOL,PRIMARY,GOVERNMENT SCHOOL,WEST,CO-ED SCHOOL,No,No,No,No,659243
1.36658417167238,103.956944585725,LOYANG VIEW SECONDARY SCHOOL,SECONDARY (S1-S5),GOVERNMENT SCHOOL,EAST,CO-ED SCHOOL,No,No,No,No,519073
1.32858023873554,103.901306904157,MAHA BODHI SCHOOL,PRIMARY,GOVERNMENT-AIDED SCH,EAST,CO-ED SCHOOL,No,No,No,Yes,408931
1.32747123084846,103.901719963831,MANJUSRI SECONDARY SCHOOL,SECONDARY (S1-S5),GOVERNMENT-AIDED SCH,EAST,CO-ED SCHOOL,No,No,No,No,408940
1.34139181236127,103.877740713449,MARIS STELLA HIGH SCHOOL,MIXED LEVEL (P1-S4),GOVERNMENT-AIDED SCH,NORTH,BOYS' SCHOOL,Yes,No,No,Yes,368051
1.43383904037059,103.773643013846,MARSILING PRIMARY SCHOOL,PRIMARY,GOVERNMENT SCHOOL,NORTH,CO-ED SCHOOL,No,No,No,No,738927
1.43664424769955,103.776008090454,MARSILING SECONDARY SCHOOL,SECONDARY (S1-S5),GOVERNMENT SCHOOL,NORTH,CO-ED SCHOOL,No,No,No,No,739110
1.34043840661368,103.839811736775,MARYMOUNT CONVENT SCHOOL,PRIMARY,GOVERNMENT-AIDED SCH,SOUTH,GIRLS' SCHOOL,No,No,No,No,297754
1.37637683547682,103.843252803742,MAYFLOWER PRIMARY SCHOOL,PRIMARY,GOVERNMENT SCHOOL,SOUTH,CO-ED SCHOOL,No,No,No,No,569878
1.36827266209722,103.835360726863,MAYFLOWER SECONDARY SCHOOL,SECONDARY (S1-S5),GOVERNMENT SCHOOL,SOUTH,CO-ED SCHOOL,No,No,No,No,569384
1.39485356081865,103.90857257736,MEE TOH SCHOOL,PRIMARY,GOVERNMENT-AIDED SCH,NORTH,CO-ED SCHOOL,No,No,No,No,828867
1.37550677054835,103.934953276155,MERIDIAN PRIMARY SCHOOL,PRIMARY,GOVERNMENT SCHOOL,EAST,CO-ED SCHOOL,No,No,No,No,518798
1.3672468492013,103.948972483629,MERIDIAN SECONDARY SCHOOL,SECONDARY (S1-S5),GOVERNMENT SCHOOL,EAST,CO-ED SCHOOL,No,No,No,No,518901
1.33266213599636,103.783382114018,METHODIST GIRLS' SCHOOL (PRIMARY),PRIMARY,GOVERNMENT-AIDED SCH,WEST,GIRLS' SCHOOL,No,No,No,No,599986
1.33266213599636,103.783382114018,METHODIST GIRLS' SCHOOL (SECONDARY),SECONDARY (S1-S4),INDEPENDENT SCHOOL,WEST,GIRLS' SCHOOL,No,No,Yes,No,599986
1.35031939200985,103.741593577684,MILLENNIA INSTITUTE,CENTRALISED INSTITUTE,GOVERNMENT SCHOOL,WEST,CO-ED SCHOOL,No,No,No,No,658965
1.37362445234082,103.889741457901,MONTFORT JUNIOR SCHOOL,PRIMARY,GOVERNMENT-AIDED SCH,NORTH,BOYS' SCHOOL,No,No,No,No,538786
1.37396131656912,103.888928372577,MONTFORT SECONDARY SCHOOL,SECONDARY (S1-S5),GOVERNMENT-AIDED SCH,NORTH,BOYS' SCHOOL,No,No,No,No,538785
1.38879582498399,103.890004423764,NAN CHIAU HIGH SCHOOL,SECONDARY (S1-S5),GOVERNMENT-AIDED SCH,NORTH,CO-ED SCHOOL,No,No,No,Yes,545079
1.39221149906592,103.891180928186,NAN CHIAU PRIMARY SCHOOL,PRIMARY,GOVERNMENT-AIDED SCH,NORTH,CO-ED SCHOOL,No,No,No,No,545080
1.30809529518605,103.768561446725,NAN HUA HIGH SCHOOL,SECONDARY (S1-S5),GOVERNMENT SCHOOL,WEST,CO-ED SCHOOL,Yes,No,No,Yes,129956
1.31920159956387,103.761095065761,NAN HUA PRIMARY SCHOOL,PRIMARY,GOVERNMENT-AIDED SCH,WEST,CO-ED SCHOOL,No,Yes,No,Yes,128806
1.33058326666479,103.802420979943,NANYANG GIRLS' HIGH SCHOOL,SECONDARY (S1-S4),INDEPENDENT SCHOOL,WEST,GIRLS' SCHOOL,No,Yes,Yes,Yes,288683
1.35028314949236,103.866498721912,NANYANG JUNIOR COLLEGE,JUNIOR COLLEGE,GOVERNMENT-AIDED SCH,SOUTH,CO-ED SCHOOL,No,No,No,No,556111
1.32107094241153,103.807681852799,NANYANG PRIMARY SCHOOL,PRIMARY,GOVERNMENT-AIDED SCH,WEST,CO-ED SCHOOL,No,Yes,No,Yes,268097
1.33029291072172,103.804110905425,NATIONAL JUNIOR COLLEGE,MIXED LEVEL (S1-JC2),GOVERNMENT SCHOOL,SOUTH,CO-ED SCHOOL,No,No,Yes,No,288913
1.41629226758972,103.838858273963,NAVAL BASE PRIMARY SCHOOL,PRIMARY,GOVERNMENT SCHOOL,NORTH,CO-ED SCHOOL,No,No,No,No,769028
1.41937881620441,103.831050390247,NAVAL BASE SECONDARY SCHOOL,SECONDARY (S1-S5),GOVERNMENT SCHOOL,NORTH,CO-ED SCHOOL,No,No,No,No,768689
1.29964188181021,103.80010216304,NEW TOWN PRIMARY SCHOOL,PRIMARY,GOVERNMENT SCHOOL,SOUTH,CO-ED SCHOOL,No,No,No,No,148812
1.30977590011357,103.77318863421,NEW TOWN SECONDARY SCHOOL,SECONDARY (S1-S5),GOVERNMENT SCHOOL,WEST,CO-ED SCHOOL,No,No,No,No,139657
1.30553224180437,103.917570005713,NGEE ANN PRIMARY SCHOOL,PRIMARY,GOVERNMENT-AIDED SCH,EAST,CO-ED SCHOOL,No,No,No,No,449149
1.35447525755806,103.956747262496,NGEE ANN SECONDARY SCHOOL,SECONDARY (S1-S5),GOVERNMENT-AIDED SCH,EAST,CO-ED SCHOOL,Yes,No,No,No,529283
1.38707582424175,103.903088569789,NORTH SPRING PRIMARY SCHOOL,PRIMARY,GOVERNMENT SCHOOL,NORTH,CO-ED SCHOOL,No,No,No,No,545088
1.42745159462566,103.848378442893,NORTH VIEW PRIMARY SCHOOL,PRIMARY,GOVERNMENT SCHOOL,NORTH,CO-ED SCHOOL,No,No,No,No,768960
1.38255066171151,103.89626457548,NORTH VISTA PRIMARY SCHOOL,PRIMARY,GOVERNMENT SCHOOL,NORTH,CO-ED SCHOOL,No,No,No,No,544974
1.381131285358,103.899188813886,NORTH VISTA SECONDARY SCHOOL,SECONDARY (S1-S5),GOVERNMENT SCHOOL,NORTH,CO-ED SCHOOL,No,No,No,No,545081
1.42081285020652,103.845147332528,NORTHBROOKS SECONDARY SCHOOL,SECONDARY (S1-S5),GOVERNMENT SCHOOL,NORTH,CO-ED SCHOOL,No,No,No,No,768692
1.42130404159807,103.840792923345,NORTHLAND PRIMARY SCHOOL,PRIMARY,GOVERNMENT SCHOOL,NORTH,CO-ED SCHOOL,No,No,No,No,769026
1.43580183362637,103.840104687784,NORTHLAND SECONDARY SCHOOL,SECONDARY (S1-S5),GOVERNMENT SCHOOL,NORTH,CO-ED SCHOOL,No,No,No,No,768578
1.3191002158167,103.85575955353,NORTHLIGHT SCHOOL,SECONDARY (S1-S4),SPECIALISED INDEPENDENT SCHOOL,SOUTH,CO-ED SCHOOL,No,No,No,No,327830
1.45732867302094,103.814075611175,NORTHOAKS PRIMARY SCHOOL,PRIMARY,GOVERNMENT SCHOOL,NORTH,CO-ED SCHOOL,No,No,No,No,757622
1.41842322079348,103.905147201163,NORTHSHORE PRIMARY SCHOOL,PRIMARY,GOVERNMENT SCHOOL,EAST,CO-ED SCHOOL,No,No,No,No,828671
1.30600678096247,103.770152807737,NUS HIGH SCHOOL OF MATHEMATICS AND SCIENCE,MIXED LEVEL (S1-JC2),SPECIALISED SCHOOL,WEST,CO-ED SCHOOL,No,Yes,Yes,No,129957
1.40507184758584,103.911200193835,OASIS PRIMARY SCHOOL,PRIMARY,GOVERNMENT SCHOOL,EAST,CO-ED SCHOOL,No,No,No,No,828716
1.31996876377748,103.923752668632,OPERA ESTATE PRIMARY SCHOOL,PRIMARY,GOVERNMENT SCHOOL,EAST,CO-ED SCHOOL,No,No,No,No,458436
1.41532032779634,103.837859241343,ORCHID PARK SECONDARY SCHOOL,SECONDARY (S1-S5),GOVERNMENT SCHOOL,NORTH,CO-ED SCHOOL,No,No,No,No,768454
1.39775020428346,103.891230426312,OUTRAM SECONDARY SCHOOL,SECONDARY (S1-S5),GOVERNMENT SCHOOL,NORTH,CO-ED SCHOOL,No,No,No,No,549936
1.38376923022123,103.891354675017,PALM VIEW PRIMARY SCHOOL,PRIMARY,GOVERNMENT SCHOOL,NORTH,CO-ED SCHOOL,No,No,No,No,544822
1.37801687647812,103.9392021807,PARK VIEW PRIMARY SCHOOL,PRIMARY,GOVERNMENT SCHOOL,EAST,CO-ED SCHOOL,No,No,No,No,519524
1.37284060102246,103.959728202919,PASIR RIS CREST SECONDARY SCHOOL,SECONDARY (S1-S5),GOVERNMENT SCHOOL,EAST,CO-ED SCHOOL,No,No,No,No,518934
1.37245132722087,103.962922699031,PASIR RIS PRIMARY SCHOOL,PRIMARY,GOVERNMENT SCHOOL,EAST,CO-ED SCHOOL,No,No,No,No,518968
1.35422732653396,103.948962626204,PASIR RIS SECONDARY SCHOOL,SECONDARY (S1-S5),GOVERNMENT SCHOOL,EAST,CO-ED SCHOOL,No,No,No,No,529400
1.3502545600894,103.884846876112,PAYA LEBAR METHODIST GIRLS' SCHOOL (PRIMARY),PRIMARY,GOVERNMENT-AIDED SCH,EAST,GIRLS' SCHOOL,No,No,No,No,536741
1.35096755912522,103.885120050588,PAYA LEBAR METHODIST GIRLS' SCHOOL (SECONDARY),SECONDARY (S1-S5),GOVERNMENT-AIDED SCH,EAST,GIRLS' SCHOOL,Yes,No,No,No,536742
1.33677864390672,103.855341310212,PEI CHUN PUBLIC SCHOOL,PRIMARY,GOVERNMENT-AIDED SCH,SOUTH,CO-ED SCHOOL,No,No,No,Yes,319320
1.33807302121151,103.776250903095,PEI HWA PRESBYTERIAN PRIMARY SCHOOL,PRIMARY,GOVERNMENT-AIDED SCH,WEST,CO-ED SCHOOL,No,No,No,Yes,597610
1.39037504993234,103.878461745339,PEI HWA SECONDARY SCHOOL,SECONDARY (S1-S5),GOVERNMENT SCHOOL,NORTH,CO-ED SCHOOL,No,No,No,No,797702
1.31666529308968,103.767438999533,PEI TONG PRIMARY SCHOOL,PRIMARY,GOVERNMENT SCHOOL,WEST,CO-ED SCHOOL,No,No,No,No,129857
1.35951583222214,103.870010749055,PEICAI SECONDARY SCHOOL,SECONDARY (S1-S5),GOVERNMENT SCHOOL,SOUTH,CO-ED SCHOOL,No,No,No,No,556094
1.36665944653812,103.83021606804,PEIRCE SECONDARY SCHOOL,SECONDARY (S1-S5),GOVERNMENT SCHOOL,SOUTH,CO-ED SCHOOL,No,No,No,No,575566
1.41741627551251,103.830143209875,PEIYING PRIMARY SCHOOL,PRIMARY,GOVERNMENT SCHOOL,NORTH,CO-ED SCHOOL,No,No,No,No,768687
1.35442592930738,103.732790920197,PIONEER PRIMARY SCHOOL,PRIMARY,GOVERNMENT SCHOOL,WEST,CO-ED SCHOOL,No,No,No,No,699915
1.35765121877679,103.935246486174,POI CHING SCHOOL,PRIMARY,GOVERNMENT-AIDED SCH,EAST,CO-ED SCHOOL,No,No,No,Yes,529067
1.38175437421949,103.842382968794,PRESBYTERIAN HIGH SCHOOL,SECONDARY (S1-S5),GOVERNMENT-AIDED SCH,SOUTH,CO-ED SCHOOL,No,No,No,No,569845
1.34919098857585,103.740719208011,PRINCESS ELIZABETH PRIMARY SCHOOL,PRIMARY,GOVERNMENT SCHOOL,WEST,CO-ED SCHOOL,No,No,No,No,659163
1.41158455562454,103.89890448429,PUNGGOL COVE PRIMARY SCHOOL,PRIMARY,GOVERNMENT SCHOOL,EAST,CO-ED SCHOOL,No,No,No,No,828674
1.40172590450528,103.898794262307,PUNGGOL GREEN PRIMARY SCHOOL,PRIMARY,GOVERNMENT SCHOOL,EAST,CO-ED SCHOOL,No,No,No,No,828772
1.37820062547641,103.894667159512,PUNGGOL PRIMARY SCHOOL,PRIMARY,GOVERNMENT SCHOOL,SOUTH,CO-ED SCHOOL,No,No,No,No,538787
1.40205738421399,103.909213706482,PUNGGOL SECONDARY SCHOOL,SECONDARY (S1-S5),GOVERNMENT SCHOOL,EAST,CO-ED SCHOOL,No,No,No,No,828870
1.40505250226058,103.905299026568,PUNGGOL VIEW PRIMARY SCHOOL,PRIMARY,GOVERNMENT SCHOOL,EAST,CO-ED SCHOOL,No,No,No,No,828845
1.3132658326807,103.756629101811,QIFA PRIMARY SCHOOL,PRIMARY,GOVERNMENT SCHOOL,WEST,CO-ED SCHOOL,No,No,No,No,128104
1.44203596557592,103.788339762066,QIHUA PRIMARY SCHOOL,PRIMARY,GOVERNMENT SCHOOL,NORTH,CO-ED SCHOOL,No,No,No,No,738525
1.29552905587752,103.807648475656,QUEENSTOWN PRIMARY SCHOOL,PRIMARY,GOVERNMENT SCHOOL,SOUTH,CO-ED SCHOOL,No,No,No,No,149303
1.29352126774652,103.813190980055,QUEENSTOWN SECONDARY SCHOOL,SECONDARY (S1-S5),GOVERNMENT SCHOOL,SOUTH,CO-ED SCHOOL,No,No,No,No,148800
1.30022271592188,103.802207291625,QUEENSWAY SECONDARY SCHOOL,SECONDARY (S1-S5),GOVERNMENT SCHOOL,SOUTH,CO-ED SCHOOL,No,No,No,No,149295
1.27489701529771,103.824115781658,RADIN MAS PRIMARY SCHOOL,PRIMARY,GOVERNMENT SCHOOL,SOUTH,CO-ED SCHOOL,No,No,No,No,99840
1.33004178068277,103.806397828938,RAFFLES GIRLS' PRIMARY SCHOOL,PRIMARY,GOVERNMENT SCHOOL,SOUTH,GIRLS' SCHOOL,No,Yes,No,No,289072
1.34217479932295,103.84313404727,RAFFLES GIRLS' SCHOOL (SECONDARY),SECONDARY (S1-S4),INDEPENDENT SCHOOL,SOUTH,GIRLS' SCHOOL,No,Yes,Yes,No,318871
1.34629045013358,103.843620247231,RAFFLES INSTITUTION,MIXED LEVEL (S1-JC2),INDEPENDENT SCHOOL,SOUTH,CO-ED SCHOOL,No,Yes,Yes,No,575954
1.33405659580859,103.934317528484,RED SWASTIKA SCHOOL,PRIMARY,GOVERNMENT-AIDED SCH,EAST,CO-ED SCHOOL,No,No,No,Yes,469719
1.39327908335682,103.751034411529,REGENT SECONDARY SCHOOL,SECONDARY (S1-S5),GOVERNMENT SCHOOL,WEST,CO-ED SCHOOL,No,No,No,No,689621
1.34459584223718,103.708190688947,RIVER VALLEY HIGH SCHOOL,MIXED LEVEL (S1-JC2),GOVERNMENT SCHOOL,WEST,CO-ED SCHOOL,Yes,No,Yes,Yes,649961
1.29418347842837,103.836018941571,RIVER VALLEY PRIMARY SCHOOL,PRIMARY,GOVERNMENT SCHOOL,SOUTH,CO-ED SCHOOL,No,No,No,No,237993
1.44700426493785,103.801889031334,RIVERSIDE PRIMARY SCHOOL,PRIMARY,GOVERNMENT SCHOOL,NORTH,CO-ED SCHOOL,No,No,No,No,737803
1.44110157139127,103.78830823641,RIVERSIDE SECONDARY SCHOOL,SECONDARY (S1-S5),GOVERNMENT SCHOOL,NORTH,CO-ED SCHOOL,No,No,No,No,738524
1.39333506298213,103.904545253288,RIVERVALE PRIMARY SCHOOL,PRIMARY,GOVERNMENT SCHOOL,NORTH,CO-ED SCHOOL,No,No,No,No,545092
1.3728583654058,103.87477170399,ROSYTH SCHOOL,PRIMARY,GOVERNMENT SCHOOL,NORTH,CO-ED SCHOOL,No,Yes,No,No,555855
1.34673868889096,103.718457955487,RULANG PRIMARY SCHOOL,PRIMARY,GOVERNMENT SCHOOL,WEST,CO-ED SCHOOL,No,No,No,No,649295
1.31292810600277,103.774011529322,"SCHOOL OF SCIENCE AND TECHNOLOGY, SINGAPORE",SECONDARY (S1-S4),SPECIALISED SCHOOL,WEST,CO-ED SCHOOL,No,No,No,No,138572
1.2993513904547,103.848674513968,"SCHOOL OF THE ARTS, SINGAPORE",MIXED LEVEL (S1-JC2),SPECIALISED SCHOOL,SOUTH,CO-ED SCHOOL,No,No,No,No,227968
1.4457453096024,103.821152676215,SEMBAWANG PRIMARY SCHOOL,PRIMARY,GOVERNMENT SCHOOL,NORTH,CO-ED SCHOOL,No,No,No,No,757715
1.44531502131387,103.816843258118,SEMBAWANG SECONDARY SCHOOL,SECONDARY (S1-S5),GOVERNMENT SCHOOL,NORTH,CO-ED SCHOOL,No,No,No,No,757704
1.38925044778224,103.899527879229,SENG KANG PRIMARY SCHOOL,PRIMARY,GOVERNMENT SCHOOL,NORTH,CO-ED SCHOOL,No,No,No,No,545166
1.38659683143747,103.898365036709,SENG KANG SECONDARY SCHOOL,SECONDARY (S1-S5),GOVERNMENT SCHOOL,NORTH,CO-ED SCHOOL,No,No,No,No,545090
1.3925400930811,103.874984869551,SENGKANG GREEN PRIMARY SCHOOL,PRIMARY,GOVERNMENT SCHOOL,NORTH,CO-ED SCHOOL,No,No,No,No,797636
1.36932570490947,103.869270301476,SERANGOON GARDEN SECONDARY SCHOOL,SECONDARY (S1-S5),GOVERNMENT SCHOOL,SOUTH,CO-ED SCHOOL,No,No,No,No,555889
1.37465538827443,103.902138740699,SERANGOON SECONDARY SCHOOL,SECONDARY (S1-S5),GOVERNMENT SCHOOL,SOUTH,CO-ED SCHOOL,No,No,No,No,534237
1.34686967259067,103.721559387203,SHUQUN PRIMARY SCHOOL,PRIMARY,GOVERNMENT SCHOOL,WEST,CO-ED SCHOOL,No,No,No,No,649332
1.43269985645119,103.785778778523,SI LING PRIMARY SCHOOL,PRIMARY,GOVERNMENT SCHOOL,NORTH,CO-ED SCHOOL,No,No,No,No,739067
1.3206340835184,103.828164966953,SINGAPORE CHINESE GIRLS' PRIMARY SCHOOL,PRIMARY,GOVERNMENT-AIDED SCH,SOUTH,GIRLS' SCHOOL,No,No,No,No,309437
1.3206340835184,103.828164966953,SINGAPORE CHINESE GIRLS' SCHOOL,SECONDARY (S1-S4),INDEPENDENT SCHOOL,SOUTH,GIRLS' SCHOOL,No,No,Yes,No,309437
1.42641140556342,103.789444793951,SINGAPORE SPORTS SCHOOL,"MIXED LEVEL (S1-S5, JC1-JC2)",SPECIALISED SCHOOL,NORTH,CO-ED SCHOOL,No,No,No,No,737913
1.38143123987698,103.747153671,SOUTH VIEW PRIMARY SCHOOL,PRIMARY,GOVERNMENT SCHOOL,WEST,CO-ED SCHOOL,No,No,No,No,689762
1.43703750789961,103.804100467487,SPECTRA SECONDARY SCHOOL,SECONDARY (S1-S4),SPECIALISED INDEPENDENT SCHOOL,NORTH,CO-ED SCHOOL,No,No,No,No,737758
1.39528544463377,103.889416413501,SPRINGDALE PRIMARY SCHOOL,PRIMARY,GOVERNMENT SCHOOL,NORTH,CO-ED SCHOOL,No,No,No,No,544799
1.34957303471476,103.930354460693,SPRINGFIELD SECONDARY SCHOOL,SECONDARY (S1-S5),GOVERNMENT SCHOOL,EAST,CO-ED SCHOOL,No,No,No,No,529593
1.33306515740956,103.863576377056,ST ANDREW'S JUNIOR COLLEGE,JUNIOR COLLEGE,GOVERNMENT-AIDED SCH,SOUTH,CO-ED SCHOOL,No,No,No,No,357691
1.33140255308868,103.865117134385,ST ANDREW'S SCHOOL (JUNIOR),PRIMARY,GOVERNMENT-AIDED SCH,SOUTH,BOYS' SCHOOL,No,No,No,No,359337
1.33069360968075,103.866249138562,ST ANDREW'S SCHOOL (SECONDARY),SECONDARY (S1-S5),GOVERNMENT-AIDED SCH,SOUTH,BOYS' SCHOOL,No,No,No,No,359342
1.3347253730189,103.941234868202,ST. ANTHONY'S CANOSSIAN PRIMARY SCHOOL,PRIMARY,GOVERNMENT-AIDED SCH,EAST,GIRLS' SCHOOL,No,No,No,No,469701
1.33466313498855,103.941977166932,ST. ANTHONY'S CANOSSIAN SECONDARY SCHOOL,SECONDARY (S1-S5),GOVERNMENT-AIDED SCH,EAST,GIRLS' SCHOOL,Yes,No,No,No,469700
1.36411948475833,103.749251919049,ST. ANTHONY'S PRIMARY SCHOOL,PRIMARY,GOVERNMENT-AIDED SCH,WEST,CO-ED SCHOOL,No,No,No,No,659401
1.34930766795555,103.862309899986,ST. GABRIEL'S PRIMARY SCHOOL,PRIMARY,GOVERNMENT-AIDED SCH,SOUTH,BOYS' SCHOOL,No,No,No,No,556742
1.34648798732177,103.876094163287,ST. GABRIEL'S SECONDARY SCHOOL,SECONDARY (S1-S5),GOVERNMENT-AIDED SCH,SOUTH,BOYS' SCHOOL,No,No,No,No,556140
1.34967978969837,103.937016363397,ST. HILDA'S PRIMARY SCHOOL,PRIMARY,GOVERNMENT-AIDED SCH,EAST,CO-ED SCHOOL,No,Yes,No,No,529706
1.34973922385379,103.937608032148,ST. HILDA'S SECONDARY SCHOOL,SECONDARY (S1-S5),GOVERNMENT-AIDED SCH,EAST,CO-ED SCHOOL,No,No,No,No,528986
1.32365313490152,103.828498974985,ST. JOSEPH'S INSTITUTION,MIXED LEVEL (S1-JC2),INDEPENDENT SCHOOL,SOUTH,CO-ED SCHOOL,No,No,Yes,No,308274
1.31781476118551,103.845633334522,ST. JOSEPH'S INSTITUTION JUNIOR,PRIMARY,GOVERNMENT-AIDED SCH,SOUTH,BOYS' SCHOOL,No,No,No,No,309331
1.30414407358332,103.845820266438,ST. MARGARET'S SCHOOL (PRIMARY),PRIMARY,GOVERNMENT-AIDED SCH,SOUTH,GIRLS' SCHOOL,No,No,No,No,228197
1.31977464050584,103.809602215402,ST. MARGARET'S SCHOOL (SECONDARY),SECONDARY (S1-S5),GOVERNMENT-AIDED SCH,SOUTH,GIRLS' SCHOOL,Yes,No,No,No,259240
1.30788341871801,103.917638193713,ST. PATRICK'S SCHOOL,SECONDARY (S1-S5),GOVERNMENT-AIDED SCH,EAST,BOYS' SCHOOL,No,No,No,No,429058
1.31878997295135,103.917258129598,ST. STEPHEN'S SCHOOL,PRIMARY,GOVERNMENT-AIDED SCH,EAST,BOYS' SCHOOL,No,No,No,No,455789
1.36471742697475,103.750396136688,SWISS COTTAGE SECONDARY SCHOOL,SECONDARY (S1-S5),GOVERNMENT SCHOOL,WEST,CO-ED SCHOOL,No,No,No,No,659322
1.37633346909682,103.936990723441,TAMPINES MERIDIAN JUNIOR COLLEGE,JUNIOR COLLEGE,GOVERNMENT SCHOOL,EAST,CO-ED SCHOOL,No,No,No,No,518799
1.36048786025607,103.948768900518,TAMPINES NORTH PRIMARY SCHOOL,PRIMARY,GOVERNMENT SCHOOL,EAST,CO-ED SCHOOL,No,No,No,No,529565
1.3504863946694,103.943573098509,TAMPINES PRIMARY SCHOOL,PRIMARY,GOVERNMENT SCHOOL,EAST,CO-ED SCHOOL,No,No,No,No,529426
1.34926094811197,103.944263709507,TAMPINES SECONDARY SCHOOL,SECONDARY (S1-S5),GOVERNMENT SCHOOL,EAST,CO-ED SCHOOL,No,No,No,No,529427
1.3075626184394,103.896107204542,TANJONG KATONG GIRLS' SCHOOL,SECONDARY (S1-S4),GOVERNMENT SCHOOL,EAST,GIRLS' SCHOOL,Yes,No,No,No,439272
1.30498489044822,103.899999965407,TANJONG KATONG PRIMARY SCHOOL,PRIMARY,GOVERNMENT SCHOOL,EAST,CO-ED SCHOOL,No,No,No,No,437259
1.30873515955341,103.897225196199,TANJONG KATONG SECONDARY SCHOOL,SECONDARY (S1-S4),GOVERNMENT SCHOOL,EAST,CO-ED SCHOOL,Yes,No,No,No,438796
1.30528528687321,103.911553152326,TAO NAN SCHOOL,PRIMARY,GOVERNMENT-AIDED SCH,EAST,CO-ED SCHOOL,No,Yes,No,Yes,449761
1.36565018546903,103.851009800453,TECK GHEE PRIMARY SCHOOL,PRIMARY,GOVERNMENT SCHOOL,SOUTH,CO-ED SCHOOL,No,No,No,No,569299
1.38388660469396,103.753924558586,TECK WHYE PRIMARY SCHOOL,PRIMARY,GOVERNMENT SCHOOL,WEST,CO-ED SCHOOL,No,No,No,No,688261
1.33109611001931,103.911005345855,TELOK KURAU PRIMARY SCHOOL,PRIMARY,GOVERNMENT SCHOOL,EAST,CO-ED SCHOOL,No,No,No,No,479239
1.35728017255861,103.956185936394,TEMASEK JUNIOR COLLEGE,MIXED LEVEL (S1-JC2),GOVERNMENT SCHOOL,EAST,CO-ED SCHOOL,No,No,Yes,No,529564
1.31720341663064,103.94575943784,TEMASEK PRIMARY SCHOOL,PRIMARY,GOVERNMENT SCHOOL,EAST,CO-ED SCHOOL,No,No,No,No,469300
1.31591673150616,103.947564112022,TEMASEK SECONDARY SCHOOL,SECONDARY (S1-S5),GOVERNMENT SCHOOL,EAST,CO-ED SCHOOL,Yes,No,No,No,465561
1.35994649477568,103.853768994775,TOWNSVILLE PRIMARY SCHOOL,PRIMARY,GOVERNMENT SCHOOL,SOUTH,CO-ED SCHOOL,No,No,No,No,569730
1.40278303219036,103.746801233973,UNITY PRIMARY SCHOOL,PRIMARY,GOVERNMENT SCHOOL,WEST,CO-ED SCHOOL,No,No,No,No,688268
1.40001524119441,103.74602091483,UNITY SECONDARY SCHOOL,SECONDARY (S1-S5),GOVERNMENT SCHOOL,WEST,CO-ED SCHOOL,No,No,No,No,689143
1.40744168163777,103.898762173662,VALOUR PRIMARY SCHOOL,PRIMARY,GOVERNMENT SCHOOL,EAST,CO-ED SCHOOL,No,No,No,No,828728
1.30670174177479,103.919982704149,VICTORIA JUNIOR COLLEGE,JUNIOR COLLEGE,GOVERNMENT SCHOOL,EAST,CO-ED SCHOOL,No,No,Yes,No,449035
1.3087130270751,103.927980966639,VICTORIA SCHOOL,SECONDARY (S1-S4),GOVERNMENT SCHOOL,EAST,BOYS' SCHOOL,Yes,No,Yes,No,448880
1.39889261226315,103.918585924582,WATERWAY PRIMARY SCHOOL,PRIMARY,GOVERNMENT SCHOOL,EAST,CO-ED SCHOOL,No,No,No,No,828802
1.45168517614776,103.822516208087,WELLINGTON PRIMARY SCHOOL,PRIMARY,GOVERNMENT SCHOOL,NORTH,CO-ED SCHOOL,No,No,No,No,757702
1.34471211768915,103.698964212988,WEST GROVE PRIMARY SCHOOL,PRIMARY,GOVERNMENT SCHOOL,WEST,CO-ED SCHOOL,No,No,No,No,649223
1.38896618016838,103.766256126816,WEST SPRING PRIMARY SCHOOL,PRIMARY,GOVERNMENT SCHOOL,WEST,CO-ED SCHOOL,No,No,No,No,679946
1.38782283303782,103.760128840155,WEST SPRING SECONDARY SCHOOL,SECONDARY (S1-S5),GOVERNMENT SCHOOL,WEST,CO-ED SCHOOL,No,No,No,No,677737
1.38378546546228,103.760273432258,WEST VIEW PRIMARY SCHOOL,PRIMARY,GOVERNMENT SCHOOL,WEST,CO-ED SCHOOL,No,No,No,No,677742
1.3477109654722,103.700467520791,WESTWOOD PRIMARY SCHOOL,PRIMARY,GOVERNMENT SCHOOL,WEST,CO-ED SCHOOL,No,No,No,No,649188
1.35373698510994,103.701772102139,WESTWOOD SECONDARY SCHOOL,SECONDARY (S1-S5),GOVERNMENT SCHOOL,WEST,CO-ED SCHOOL,No,No,No,No,648350
1.36563610941695,103.960861814678,WHITE SANDS PRIMARY SCHOOL,PRIMARY,GOVERNMENT SCHOOL,EAST,CO-ED SCHOOL,No,No,No,No,519075
1.35505208480649,103.842552378136,WHITLEY SECONDARY SCHOOL,SECONDARY (S1-S5),GOVERNMENT SCHOOL,SOUTH,CO-ED SCHOOL,No,No,No,No,579747
1.43273620725049,103.79023031392,WOODGROVE PRIMARY SCHOOL,PRIMARY,GOVERNMENT SCHOOL,NORTH,CO-ED SCHOOL,No,No,No,No,738079
1.42831828137013,103.79604758539,WOODGROVE SECONDARY SCHOOL,SECONDARY (S1-S5),GOVERNMENT SCHOOL,NORTH,CO-ED SCHOOL,No,No,No,No,738990
1.43658270720199,103.791791282236,WOODLANDS PRIMARY SCHOOL,PRIMARY,GOVERNMENT SCHOOL,NORTH,CO-ED SCHOOL,No,No,No,No,738853
1.43485179380236,103.79741434351,WOODLANDS RING PRIMARY SCHOOL,PRIMARY,GOVERNMENT SCHOOL,NORTH,CO-ED SCHOOL,No,No,No,No,738240
1.43070452883799,103.777625748539,WOODLANDS RING SECONDARY SCHOOL,SECONDARY (S1-S5),GOVERNMENT SCHOOL,NORTH,CO-ED SCHOOL,No,No,No,No,739062
1.43912528141356,103.774586410437,WOODLANDS SECONDARY SCHOOL,SECONDARY (S1-S5),GOVERNMENT SCHOOL,NORTH,CO-ED SCHOOL,No,No,No,No,739111
1.35799653782463,103.890216355459,XINGHUA PRIMARY SCHOOL,PRIMARY,GOVERNMENT SCHOOL,SOUTH,CO-ED SCHOOL,No,No,No,No,538882
1.34270639669225,103.687588478681,XINGNAN PRIMARY SCHOOL,PRIMARY,GOVERNMENT SCHOOL,WEST,CO-ED SCHOOL,No,No,No,No,649036
1.37176798317468,103.88280991785,XINMIN PRIMARY SCHOOL,PRIMARY,GOVERNMENT SCHOOL,NORTH,CO-ED SCHOOL,No,No,No,No,538784
1.37255884700002,103.88305161385,XINMIN SECONDARY SCHOOL,SECONDARY (S1-S5),GOVERNMENT SCHOOL,NORTH,CO-ED SCHOOL,Yes,No,No,No,538789
1.43347186925064,103.837755319448,XISHAN PRIMARY SCHOOL,PRIMARY,GOVERNMENT SCHOOL,NORTH,CO-ED SCHOOL,No,No,No,No,768611
1.3489768083841,103.868467129954,YANGZHENG PRIMARY SCHOOL,PRIMARY,GOVERNMENT SCHOOL,SOUTH,CO-ED SCHOOL,No,No,No,No,556108
1.39672603497195,103.751817992962,YEW TEE PRIMARY SCHOOL,PRIMARY,GOVERNMENT SCHOOL,WEST,CO-ED SCHOOL,No,No,No,No,689100
1.37793264345276,103.885643682171,YIO CHU KANG PRIMARY SCHOOL,PRIMARY,GOVERNMENT SCHOOL,NORTH,CO-ED SCHOOL,No,No,No,No,538720
1.37797597740925,103.84213696352,YIO CHU KANG SECONDARY SCHOOL,SECONDARY (S1-S5),GOVERNMENT SCHOOL,SOUTH,CO-ED SCHOOL,No,No,No,No,569868
1.42426692572335,103.83003171149,YISHUN INNOVA JUNIOR COLLEGE,JUNIOR COLLEGE,GOVERNMENT SCHOOL,NORTH,CO-ED SCHOOL,No,No,No,No,768675
1.43397617334964,103.834050796658,YISHUN PRIMARY SCHOOL,PRIMARY,GOVERNMENT SCHOOL,NORTH,CO-ED SCHOOL,No,No,No,No,768679
1.42813324276086,103.828764316679,YISHUN SECONDARY SCHOOL,SECONDARY (S1-S5),GOVERNMENT SCHOOL,NORTH,CO-ED SCHOOL,No,No,No,No,768516
1.43232156717386,103.838094226361,YISHUN TOWN SECONDARY SCHOOL,SECONDARY (S1-S5),GOVERNMENT SCHOOL,NORTH,CO-ED SCHOOL,Yes,No,No,No,768610
1.33398037894072,103.932015036296,YU NENG PRIMARY SCHOOL,PRIMARY,GOVERNMENT SCHOOL,EAST,CO-ED SCHOOL,No,No,No,No,469623
1.34200635764467,103.72089870437,YUAN CHING SECONDARY SCHOOL,SECONDARY (S1-S5),GOVERNMENT SCHOOL,WEST,CO-ED SCHOOL,No,No,No,No,618654
1.34291981622016,103.740861148879,YUHUA PRIMARY SCHOOL,PRIMARY,GOVERNMENT SCHOOL,WEST,CO-ED SCHOOL,No,No,No,No,609558
1.34718626876968,103.722687235839,YUHUA SECONDARY SCHOOL,SECONDARY (S1-S5),GOVERNMENT SCHOOL,WEST,CO-ED SCHOOL,No,No,No,No,649406
1.35131569890862,103.950551091373,YUMIN PRIMARY SCHOOL,PRIMARY,GOVERNMENT SCHOOL,EAST,CO-ED SCHOOL,No,No,No,No,529393
1.40693702458178,103.896275149571,YUSOF ISHAK SECONDARY SCHOOL,SECONDARY (S1-S5),GOVERNMENT SCHOOL,EAST,CO-ED SCHOOL,No,No,No,No,828676
1.35713595302467,103.890194755287,YUYING SECONDARY SCHOOL,SECONDARY (S1-S5),GOVERNMENT-AIDED SCH,SOUTH,CO-ED SCHOOL,No,No,No,No,538884
1.28421153855474,103.825951884637,ZHANGDE PRIMARY SCHOOL,PRIMARY,GOVERNMENT SCHOOL,SOUTH,CO-ED SCHOOL,No,No,No,No,169485
1.37942873617052,103.76970317201,ZHENGHUA PRIMARY SCHOOL,PRIMARY,GOVERNMENT SCHOOL,WEST,CO-ED SCHOOL,No,No,No,No,679002
1.38836583415352,103.765510638527,ZHENGHUA SECONDARY SCHOOL,SECONDARY (S1-S5),GOVERNMENT SCHOOL,WEST,CO-ED SCHOOL,No,No,No,No,679962
1.36026072476019,103.869712517383,ZHONGHUA PRIMARY SCHOOL,PRIMARY,GOVERNMENT SCHOOL,SOUTH,CO-ED SCHOOL,No,No,No,No,556095
1.34840720846208,103.869430481414,ZHONGHUA SECONDARY SCHOOL,SECONDARY (S1-S5),GOVERNMENT SCHOOL,SOUTH,CO-ED SCHOOL,Yes,No,No,No,556123
