name,url,slug
121 COLLECTION ON WHITLEY,https://www.edgeprop.sg/landed-house/121-collection-on-whitley,121-collection-on-whitley
17 BEECHWOOD GROVE,https://www.edgeprop.sg/landed-house/17-beechwood-grove,17-beechwood-grove
17 on Barker,https://www.edgeprop.sg/landed-house/17-on-barker,17-on-barker
18 COVE WAY,https://www.edgeprop.sg/landed-house/18-cove-way,18-cove-way
20 COVE WAY,https://www.edgeprop.sg/landed-house/20-cove-way,20-cove-way
20A TAN KIM CHENG RD,https://www.edgeprop.sg/landed-house/20a-tan-kim-cheng-rd,20a-tan-kim-cheng-rd
213b Tampines Road,https://www.edgeprop.sg/landed-house/213b-tampines-road,213b-tampines-road
3BHC,https://www.edgeprop.sg/landed-house/3bhc,3bhc
47 MCNAIR ROAD,https://www.edgeprop.sg/landed-house/47-mcnair-road,47-mcnair-road
8 @ STRATTON,https://www.edgeprop.sg/landed-house/8-stratton,8-stratton
8 ON CHUAN,https://www.edgeprop.sg/landed-house/8-on-chuan,8-on-chuan
ADELPHI PARK ESTATE,https://www.edgeprop.sg/landed-house/adelphi-park-estate,adelphi-park-estate
AFFINITY AT SERANGOON,https://www.edgeprop.sg/landed-house/affinity-at-serangoon,affinity-at-serangoon
AH SOO GARDEN,https://www.edgeprop.sg/landed-house/ah-soo-garden,ah-soo-garden
AIRVIEW PARK,https://www.edgeprop.sg/landed-house/airview-park,airview-park
ALANA,https://www.edgeprop.sg/landed-house/alana,alana
ALIAS VILLAS,https://www.edgeprop.sg/landed-house/alias-villas,alias-villas
ALLAMANDA GROVE,https://www.edgeprop.sg/landed-house/allamanda-grove,allamanda-grove
ALLSWORTH PARK,https://www.edgeprop.sg/landed-house/allsworth-park,allsworth-park
ALWYN PARK,https://www.edgeprop.sg/landed-house/alwyn-park,alwyn-park
Amanusa,https://www.edgeprop.sg/landed-house/amanusa,amanusa
AMBER 45,https://www.edgeprop.sg/landed-house/amber-45,amber-45
ANGSANA PARK,https://www.edgeprop.sg/landed-house/angsana-park,angsana-park
APOLLO GARDENS,https://www.edgeprop.sg/landed-house/apollo-gardens,apollo-gardens
ARCHIPELAGO,https://www.edgeprop.sg/landed-house/archipelago,archipelago
ARDISIA GARDENS,https://www.edgeprop.sg/landed-house/ardisia-gardens,ardisia-gardens
ASHLEY GREEN,https://www.edgeprop.sg/landed-house/ashley-green,ashley-green
ASIMONT VILLAS,https://www.edgeprop.sg/landed-house/asimont-villas,asimont-villas
ASTON GREEN,https://www.edgeprop.sg/landed-house/aston-green,aston-green
ASTON RESIDENCE,https://www.edgeprop.sg/landed-house/aston-residence,aston-residence
ATELIER VILLAS,https://www.edgeprop.sg/landed-house/atelier-villas,atelier-villas
AVANT PARC,https://www.edgeprop.sg/landed-house/avant-parc,avant-parc
AVENUE VILLAS,https://www.edgeprop.sg/landed-house/avenue-villas,avenue-villas
AVILA TERRACE,https://www.edgeprop.sg/landed-house/avila-terrace,avila-terrace
BALMEG COURT,https://www.edgeprop.sg/landed-house/balmeg-court,balmeg-court
BAMBOO GROVE PARK,https://www.edgeprop.sg/landed-house/bamboo-grove-park,bamboo-grove-park
BAN GUAN PARK,https://www.edgeprop.sg/landed-house/ban-guan-park,ban-guan-park
BANYAN PARK,https://www.edgeprop.sg/landed-house/banyan-park,banyan-park
BANYAN VILLAS,https://www.edgeprop.sg/landed-house/banyan-villas,banyan-villas
BARKER 9,https://www.edgeprop.sg/landed-house/barker-9,barker-9
BARKER TERRACES,https://www.edgeprop.sg/landed-house/barker-terraces,barker-terraces
BARKER VILLE,https://www.edgeprop.sg/landed-house/barker-ville,barker-ville
BAROSSA GARDENS,https://www.edgeprop.sg/landed-house/barossa-gardens,barossa-gardens
BARTLEY RISE,https://www.edgeprop.sg/landed-house/bartley-rise,bartley-rise
BARTLEY RISE ESTATE,https://www.edgeprop.sg/landed-house/bartley-rise-estate,bartley-rise-estate
BARTLEY VILLAS,https://www.edgeprop.sg/landed-house/bartley-villas,bartley-villas
BAYSHORE TERRACE,https://www.edgeprop.sg/landed-house/bayshore-terrace,bayshore-terrace
BEAU VISTA,https://www.edgeprop.sg/landed-house/beau-vista,beau-vista
BEAUTY GARDEN,https://www.edgeprop.sg/landed-house/beauty-garden,beauty-garden
BEDOK GARDENS,https://www.edgeprop.sg/landed-house/bedok-gardens,bedok-gardens
BEDOK GROVE,https://www.edgeprop.sg/landed-house/bedok-grove,bedok-grove
BEDOK PARK,https://www.edgeprop.sg/landed-house/bedok-park,bedok-park
BEDOK PESARI,https://www.edgeprop.sg/landed-house/bedok-pesari,bedok-pesari
BEDOK RIA,https://www.edgeprop.sg/landed-house/bedok-ria,bedok-ria
BEDOKVILLE,https://www.edgeprop.sg/landed-house/bedokville,bedokville
BEECHWOOD TERRACE,https://www.edgeprop.sg/landed-house/beechwood-terrace,beechwood-terrace
BEGONIA PARK,https://www.edgeprop.sg/landed-house/begonia-park,begonia-park
Belgravia Ace,https://www.edgeprop.sg/landed-house/belgravia-ace,belgravia-ace
BELGRAVIA GREEN,https://www.edgeprop.sg/landed-house/belgravia-green,belgravia-green
BELGRAVIA PARK,https://www.edgeprop.sg/landed-house/belgravia-park,belgravia-park
BELGRAVIA VILLAS,https://www.edgeprop.sg/landed-house/belgravia-villas,belgravia-villas
BELLAVILLE,https://www.edgeprop.sg/landed-house/bellaville,bellaville
BENA PARK,https://www.edgeprop.sg/landed-house/bena-park,bena-park
BETA GROVE,https://www.edgeprop.sg/landed-house/beta-grove,beta-grove
BIN TONG PARK,https://www.edgeprop.sg/landed-house/bin-tong-park,bin-tong-park
BINJAI CREST,https://www.edgeprop.sg/landed-house/binjai-crest,binjai-crest
BINJAI PARK,https://www.edgeprop.sg/landed-house/binjai-park,binjai-park
BISHOPSGATE RESIDENCES,https://www.edgeprop.sg/landed-house/bishopsgate-residences,bishopsgate-residences
BLAIR PLAIN CONSERVATION AREA,https://www.edgeprop.sg/landed-house/blair-plain-conservation-area,blair-plain-conservation-area
BLOSSOM GARDENS,https://www.edgeprop.sg/landed-house/blossom-gardens,blossom-gardens
BOON GARDENS,https://www.edgeprop.sg/landed-house/boon-gardens,boon-gardens
BOTANIC @ CLUNY PARK,https://www.edgeprop.sg/landed-house/botanic-cluny-park,botanic-cluny-park
BOUNDARY GARDENS,https://www.edgeprop.sg/landed-house/boundary-gardens,boundary-gardens
BOURNEMOUTH EIGHT,https://www.edgeprop.sg/landed-house/bournemouth-eight,bournemouth-eight
BOUTIQUE @ KOVAN,https://www.edgeprop.sg/landed-house/boutique-kovan,boutique-kovan
BRADDELL HEIGHTS ESTATE,https://www.edgeprop.sg/landed-house/braddell-heights-estate,braddell-heights-estate
BREEZEWAYS,https://www.edgeprop.sg/landed-house/breezeways,breezeways
BRENTWOOD,https://www.edgeprop.sg/landed-house/brentwood,brentwood
BRIGHT GARDEN,https://www.edgeprop.sg/landed-house/bright-garden,bright-garden
Brighthill Residences,https://www.edgeprop.sg/landed-house/brighthill-residences,brighthill-residences
BRIGHTON CREST,https://www.edgeprop.sg/landed-house/brighton-crest,brighton-crest
BRIZAY PARK,https://www.edgeprop.sg/landed-house/brizay-park,brizay-park
BRYTON VILLAS,https://www.edgeprop.sg/landed-house/bryton-villas,bryton-villas
BUKIT ARANG RESIDENCE,https://www.edgeprop.sg/landed-house/bukit-arang-residence,bukit-arang-residence
BUKIT LOYANG ESTATE,https://www.edgeprop.sg/landed-house/bukit-loyang-estate,bukit-loyang-estate
BUKIT PASOH CONSERVATION AREA,https://www.edgeprop.sg/landed-house/bukit-pasoh-conservation-area,bukit-pasoh-conservation-area
BUKIT PASOH EXTNSN CONSTN AREA,https://www.edgeprop.sg/landed-house/bukit-pasoh-extnsn-constn-area,bukit-pasoh-extnsn-constn-area
BUKIT VILLAS,https://www.edgeprop.sg/landed-house/bukit-villas,bukit-villas
BURGHLEY DRIVE,https://www.edgeprop.sg/landed-house/burghley-drive,burghley-drive
BURGUNDY HILL,https://www.edgeprop.sg/landed-house/burgundy-hill,burgundy-hill
CABANA,https://www.edgeprop.sg/landed-house/cabana,cabana
CACTUS BLOOM,https://www.edgeprop.sg/landed-house/cactus-bloom,cactus-bloom
CACTUS GREEN,https://www.edgeprop.sg/landed-house/cactus-green,cactus-green
CAI GARDEN,https://www.edgeprop.sg/landed-house/cai-garden,cai-garden
CAIFU VIEW,https://www.edgeprop.sg/landed-house/caifu-view,caifu-view
CAIRNHILL CONSERVATION AREA,https://www.edgeprop.sg/landed-house/cairnhill-conservation-area,cairnhill-conservation-area
CALDECOTT HILL ESTATE,https://www.edgeprop.sg/landed-house/caldecott-hill-estate,caldecott-hill-estate
CAMDEN PARK,https://www.edgeprop.sg/landed-house/camden-park,camden-park
CAMELIA PARK,https://www.edgeprop.sg/landed-house/camelia-park,camelia-park
CAMWOOD PARK,https://www.edgeprop.sg/landed-house/camwood-park,camwood-park
CANARY PARK,https://www.edgeprop.sg/landed-house/canary-park,canary-park
CAPITOL PARK,https://www.edgeprop.sg/landed-house/capitol-park,capitol-park
CARMINE COLLECTION,https://www.edgeprop.sg/landed-house/carmine-collection,carmine-collection
CASA FIDELIO,https://www.edgeprop.sg/landed-house/casa-fidelio,casa-fidelio
CASA NALLUR,https://www.edgeprop.sg/landed-house/casa-nallur,casa-nallur
CASA PERLA,https://www.edgeprop.sg/landed-house/casa-perla,casa-perla
CASA RIVIERA,https://www.edgeprop.sg/landed-house/casa-riviera,casa-riviera
CASA SERENO,https://www.edgeprop.sg/landed-house/casa-sereno,casa-sereno
CASHEW ESTATE,https://www.edgeprop.sg/landed-house/cashew-estate,cashew-estate
CASHEW GARDEN,https://www.edgeprop.sg/landed-house/cashew-garden,cashew-garden
CASHEW GREEN,https://www.edgeprop.sg/landed-house/cashew-green,cashew-green
CASHEW HILL,https://www.edgeprop.sg/landed-house/cashew-hill,cashew-hill
CASHEW VILLAS,https://www.edgeprop.sg/landed-house/cashew-villas,cashew-villas
Cashew Villas/Cashew Hill,https://www.edgeprop.sg/landed-house/cashew-villascashew-hill,cashew-villascashew-hill
CASTELLO,https://www.edgeprop.sg/landed-house/castello,castello
CATHAY GARDEN,https://www.edgeprop.sg/landed-house/cathay-garden,cathay-garden
CAYMAN RESIDENCES,https://www.edgeprop.sg/landed-house/cayman-residences,cayman-residences
CENTURION 12,https://www.edgeprop.sg/landed-house/centurion-12,centurion-12
CENTURION RESIDENCES,https://www.edgeprop.sg/landed-house/centurion-residences,centurion-residences
CENTURY WOODS,https://www.edgeprop.sg/landed-house/century-woods,century-woods
CERELIA VISTA,https://www.edgeprop.sg/landed-house/cerelia-vista,cerelia-vista
CEYLON COURT,https://www.edgeprop.sg/landed-house/ceylon-court,ceylon-court
CHANCERY GROVE,https://www.edgeprop.sg/landed-house/chancery-grove,chancery-grove
CHANCERY HILL VILLAS,https://www.edgeprop.sg/landed-house/chancery-hill-villas,chancery-hill-villas
CHANCERY LODGE,https://www.edgeprop.sg/landed-house/chancery-lodge,chancery-lodge
CHANGI GROVE,https://www.edgeprop.sg/landed-house/changi-grove,changi-grove
CHANGI HEIGHTS,https://www.edgeprop.sg/landed-house/changi-heights,changi-heights
CHARLTON 18,https://www.edgeprop.sg/landed-house/charlton-18,charlton-18
CHARLTON 27,https://www.edgeprop.sg/landed-house/charlton-27,charlton-27
CHARLTON GARDEN,https://www.edgeprop.sg/landed-house/charlton-garden,charlton-garden
CHARLTON PARK,https://www.edgeprop.sg/landed-house/charlton-park,charlton-park
CHARLTON RESIDENCES,https://www.edgeprop.sg/landed-house/charlton-residences,charlton-residences
CHARLTON VILLAS,https://www.edgeprop.sg/landed-house/charlton-villas,charlton-villas
CHATEAU LA SALLE,https://www.edgeprop.sg/landed-house/chateau-la-salle,chateau-la-salle
CHELSEA VILLAGE,https://www.edgeprop.sg/landed-house/chelsea-village,chelsea-village
CHENG SOON GARDEN,https://www.edgeprop.sg/landed-house/cheng-soon-garden,cheng-soon-garden
CHEOW KENG GARDEN,https://www.edgeprop.sg/landed-house/cheow-keng-garden,cheow-keng-garden
CHEPSTOW VILLE,https://www.edgeprop.sg/landed-house/chepstow-ville,chepstow-ville
CHESTER PARK,https://www.edgeprop.sg/landed-house/chester-park,chester-park
CHESTNUT GARDENS,https://www.edgeprop.sg/landed-house/chestnut-gardens,chestnut-gardens
CHESTNUT GREEN,https://www.edgeprop.sg/landed-house/chestnut-green,chestnut-green
CHESTNUT RESIDENCES,https://www.edgeprop.sg/landed-house/chestnut-residences,chestnut-residences
CHIP BEE GARDENS,https://www.edgeprop.sg/landed-house/chip-bee-gardens,chip-bee-gardens
CHIP HOCK GARDENS,https://www.edgeprop.sg/landed-house/chip-hock-gardens,chip-hock-gardens
CHIP THYE GARDEN,https://www.edgeprop.sg/landed-house/chip-thye-garden,chip-thye-garden
CHISELHURST GREEN,https://www.edgeprop.sg/landed-house/chiselhurst-green,chiselhurst-green
CHOON SING GARDEN,https://www.edgeprop.sg/landed-house/choon-sing-garden,choon-sing-garden
CHU VILLE,https://www.edgeprop.sg/landed-house/chu-ville,chu-ville
CHUAN GARDEN,https://www.edgeprop.sg/landed-house/chuan-garden,chuan-garden
CHUAN GREEN,https://www.edgeprop.sg/landed-house/chuan-green,chuan-green
CHUAN HOE GARDENS,https://www.edgeprop.sg/landed-house/chuan-hoe-gardens,chuan-hoe-gardens
CHUAN LOFT,https://www.edgeprop.sg/landed-house/chuan-loft,chuan-loft
CHUAN SEVEN,https://www.edgeprop.sg/landed-house/chuan-seven,chuan-seven
CHUAN TERRACE,https://www.edgeprop.sg/landed-house/chuan-terrace,chuan-terrace
CHUAN VALE,https://www.edgeprop.sg/landed-house/chuan-vale,chuan-vale
CHUAN VILLAS,https://www.edgeprop.sg/landed-house/chuan-villas,chuan-villas
CHUAN VILLE,https://www.edgeprop.sg/landed-house/chuan-ville,chuan-ville
CHUAN VISTA,https://www.edgeprop.sg/landed-house/chuan-vista,chuan-vista
CHUAN VISTA II,https://www.edgeprop.sg/landed-house/chuan-vista-ii,chuan-vista-ii
CHUAN YUAN,https://www.edgeprop.sg/landed-house/chuan-yuan,chuan-yuan
CHWEE CHIAN GARDEN,https://www.edgeprop.sg/landed-house/chwee-chian-garden,chwee-chian-garden
CHWEE CHIAN VIEW,https://www.edgeprop.sg/landed-house/chwee-chian-view,chwee-chian-view
CLASSICAL TERRACE,https://www.edgeprop.sg/landed-house/classical-terrace,classical-terrace
CLEMENTI GARDENS,https://www.edgeprop.sg/landed-house/clementi-gardens,clementi-gardens
CLEMENTI GREEN,https://www.edgeprop.sg/landed-house/clementi-green,clementi-green
CLEMENTI PARK,https://www.edgeprop.sg/landed-house/clementi-park,clementi-park
CLOVER PARK,https://www.edgeprop.sg/landed-house/clover-park,clover-park
CLUNY PARK,https://www.edgeprop.sg/landed-house/cluny-park,cluny-park
CLYDESCOVE,https://www.edgeprop.sg/landed-house/clydescove,clydescove
CLYDESVILLE,https://www.edgeprop.sg/landed-house/clydesville,clydesville
COASTAL VILLAS,https://www.edgeprop.sg/landed-house/coastal-villas,coastal-villas
COLCHESTER PARK,https://www.edgeprop.sg/landed-house/colchester-park,colchester-park
COMFORT GARDEN,https://www.edgeprop.sg/landed-house/comfort-garden,comfort-garden
CORAL ISLAND,https://www.edgeprop.sg/landed-house/coral-island,coral-island
CORAL PARK,https://www.edgeprop.sg/landed-house/coral-park,coral-park
CORONA COURT,https://www.edgeprop.sg/landed-house/corona-court,corona-court
CORONATION GARDENS,https://www.edgeprop.sg/landed-house/coronation-gardens,coronation-gardens
CORONATION VILLAGE,https://www.edgeprop.sg/landed-house/coronation-village,coronation-village
CORONATION VILLE,https://www.edgeprop.sg/landed-house/coronation-ville,coronation-ville
CORONATION WEST PARK,https://www.edgeprop.sg/landed-house/coronation-west-park,coronation-west-park
COTSWOLD VILLAS,https://www.edgeprop.sg/landed-house/cotswold-villas,cotswold-villas
COUNTRYVIEW,https://www.edgeprop.sg/landed-house/countryview,countryview
CYPRESS AVENUE,https://www.edgeprop.sg/landed-house/cypress-avenue,cypress-avenue
D' BELLA TERRACE,https://www.edgeprop.sg/landed-house/d-bella-terrace,d-bella-terrace
D' KENARIS,https://www.edgeprop.sg/landed-house/d-kenaris,d-kenaris
D' SILVA TERRACE,https://www.edgeprop.sg/landed-house/d-silva-terrace,d-silva-terrace
D'BELLA TERRACE,https://www.edgeprop.sg/landed-house/dbella-terrace,dbella-terrace
D'ELIAS,https://www.edgeprop.sg/landed-house/delias,delias
D'LEEDON,https://www.edgeprop.sg/landed-house/dleedon,dleedon
D'MANOR,https://www.edgeprop.sg/landed-house/dmanor,dmanor
D'WILKINSON,https://www.edgeprop.sg/landed-house/dwilkinson,dwilkinson
DA SILVA VILLAS,https://www.edgeprop.sg/landed-house/da-silva-villas,da-silva-villas
DAISY PARK,https://www.edgeprop.sg/landed-house/daisy-park,daisy-park
DAISY PETALS,https://www.edgeprop.sg/landed-house/daisy-petals,daisy-petals
DAISY TERRACE,https://www.edgeprop.sg/landed-house/daisy-terrace,daisy-terrace
DALLA VALE,https://www.edgeprop.sg/landed-house/dalla-vale,dalla-vale
DALVEY VILLAS,https://www.edgeprop.sg/landed-house/dalvey-villas,dalvey-villas
DAVIS PINEGROVE,https://www.edgeprop.sg/landed-house/davis-pinegrove,davis-pinegrove
DAVISVILLE,https://www.edgeprop.sg/landed-house/davisville,davisville
DEDAP GARDENS,https://www.edgeprop.sg/landed-house/dedap-gardens,dedap-gardens
DESKER ROAD CONSERVATION AREA,https://www.edgeprop.sg/landed-house/desker-road-conservation-area,desker-road-conservation-area
DRAGON VIEW PARK,https://www.edgeprop.sg/landed-house/dragon-view-park,dragon-view-park
DUBLIN LODGE,https://www.edgeprop.sg/landed-house/dublin-lodge,dublin-lodge
DUCHESS GARDEN,https://www.edgeprop.sg/landed-house/duchess-garden,duchess-garden
DUCHESS PLACE,https://www.edgeprop.sg/landed-house/duchess-place,duchess-place
DUKE'S GARDEN,https://www.edgeprop.sg/landed-house/dukes-garden,dukes-garden
DUNEARN ESTATE,https://www.edgeprop.sg/landed-house/dunearn-estate,dunearn-estate
DUNMAN GARDEN,https://www.edgeprop.sg/landed-house/dunman-garden,dunman-garden
DUNMAN GROVE,https://www.edgeprop.sg/landed-house/dunman-grove,dunman-grove
DUNSFOLD 18,https://www.edgeprop.sg/landed-house/dunsfold-18,dunsfold-18
DUNSFOLD RESIDENCES,https://www.edgeprop.sg/landed-house/dunsfold-residences,dunsfold-residences
DUNSFOLD VILLAS,https://www.edgeprop.sg/landed-house/dunsfold-villas,dunsfold-villas
DYSON RITZ,https://www.edgeprop.sg/landed-house/dyson-ritz,dyson-ritz
EALINE PARK,https://www.edgeprop.sg/landed-house/ealine-park,ealine-park
EAST COAST HILL,https://www.edgeprop.sg/landed-house/east-coast-hill,east-coast-hill
EAST COAST PARK,https://www.edgeprop.sg/landed-house/east-coast-park,east-coast-park
EAST COAST TERRACE,https://www.edgeprop.sg/landed-house/east-coast-terrace,east-coast-terrace
EAST MOON PARK,https://www.edgeprop.sg/landed-house/east-moon-park,east-moon-park
EAST TUDOR,https://www.edgeprop.sg/landed-house/east-tudor,east-tudor
EAST VIEW GARDEN,https://www.edgeprop.sg/landed-house/east-view-garden,east-view-garden
EAST VIEW PARK,https://www.edgeprop.sg/landed-house/east-view-park,east-view-park
EASTERN GARDEN,https://www.edgeprop.sg/landed-house/eastern-garden,eastern-garden
EASTERN GROVE,https://www.edgeprop.sg/landed-house/eastern-grove,eastern-grove
EASTREES,https://www.edgeprop.sg/landed-house/eastrees,eastrees
EASTWOOD GARDEN TERRACES,https://www.edgeprop.sg/landed-house/eastwood-garden-terraces,eastwood-garden-terraces
EASTWOOD GARDENS,https://www.edgeprop.sg/landed-house/eastwood-gardens,eastwood-gardens
EASTWOOD GREEN TERRACES,https://www.edgeprop.sg/landed-house/eastwood-green-terraces,eastwood-green-terraces
EASTWOOD PARK,https://www.edgeprop.sg/landed-house/eastwood-park,eastwood-park
EASTWOOD TERRACE,https://www.edgeprop.sg/landed-house/eastwood-terrace,eastwood-terrace
EASTWOOD VILLE,https://www.edgeprop.sg/landed-house/eastwood-ville,eastwood-ville
EASTWOOD WALK GARDENS,https://www.edgeprop.sg/landed-house/eastwood-walk-gardens,eastwood-walk-gardens
EATON PARK,https://www.edgeprop.sg/landed-house/eaton-park,eaton-park
ECO,https://www.edgeprop.sg/landed-house/eco,eco
EDEN PARK,https://www.edgeprop.sg/landed-house/eden-park,eden-park
EdgeProp @ Glass House,https://www.edgeprop.sg/landed-house/edgeprop-glass-house,edgeprop-glass-house
EIGHT @ EAST COAST,https://www.edgeprop.sg/landed-house/eight-east-coast,eight-east-coast
EIGHT RIVERSUITES,https://www.edgeprop.sg/landed-house/eight-riversuites,eight-riversuites
ELEVEN @ HOLLAND,https://www.edgeprop.sg/landed-house/eleven-holland,eleven-holland
ELIAS TERRACE,https://www.edgeprop.sg/landed-house/elias-terrace,elias-terrace
ELITE COURT,https://www.edgeprop.sg/landed-house/elite-court,elite-court
ELITE RESIDENCES,https://www.edgeprop.sg/landed-house/elite-residences,elite-residences
EMERALD HILL CONSERVATION AREA,https://www.edgeprop.sg/landed-house/emerald-hill-conservation-area,emerald-hill-conservation-area
Enchante,https://www.edgeprop.sg/landed-house/enchante,enchante
Enchante(OLD),https://www.edgeprop.sg/landed-house/enchanteold,enchanteold
ENG AUN PARK,https://www.edgeprop.sg/landed-house/eng-aun-park,eng-aun-park
ENG KONG GREEN,https://www.edgeprop.sg/landed-house/eng-kong-green,eng-kong-green
ENG KONG PARK,https://www.edgeprop.sg/landed-house/eng-kong-park,eng-kong-park
ENG KONG VILLAS,https://www.edgeprop.sg/landed-house/eng-kong-villas,eng-kong-villas
ENGLISH VILLAS,https://www.edgeprop.sg/landed-house/english-villas,english-villas
ESTE VILLA,https://www.edgeprop.sg/landed-house/este-villa,este-villa
ESTRIVILLAS,https://www.edgeprop.sg/landed-house/estrivillas,estrivillas
EUHABITAT,https://www.edgeprop.sg/landed-house/euhabitat,euhabitat
EVERGREEN GARDEN,https://www.edgeprop.sg/landed-house/evergreen-garden,evergreen-garden
EWART PARK,https://www.edgeprop.sg/landed-house/ewart-park,ewart-park
EXCELSIOR GARDENS,https://www.edgeprop.sg/landed-house/excelsior-gardens,excelsior-gardens
FABER GARDEN,https://www.edgeprop.sg/landed-house/faber-garden,faber-garden
FABER HILLS,https://www.edgeprop.sg/landed-house/faber-hills,faber-hills
FAIRWOOD PARK,https://www.edgeprop.sg/landed-house/fairwood-park,fairwood-park
FAME COURT,https://www.edgeprop.sg/landed-house/fame-court,fame-court
FANTA GARDEN,https://www.edgeprop.sg/landed-house/fanta-garden,fanta-garden
FARRER GARDENS,https://www.edgeprop.sg/landed-house/farrer-gardens,farrer-gardens
FENARA COURT,https://www.edgeprop.sg/landed-house/fenara-court,fenara-court
FENGLI GARDENS,https://www.edgeprop.sg/landed-house/fengli-gardens,fengli-gardens
FERNHILL COTTAGE,https://www.edgeprop.sg/landed-house/fernhill-cottage,fernhill-cottage
FERNHILL GARDEN,https://www.edgeprop.sg/landed-house/fernhill-garden,fernhill-garden
FERNHILL PLACE,https://www.edgeprop.sg/landed-house/fernhill-place,fernhill-place
FERNWOOD TERRACE,https://www.edgeprop.sg/landed-house/fernwood-terraces,fernwood-terraces
FERNWOOD TOWERS,https://www.edgeprop.sg/landed-house/fernwood-towers,fernwood-towers
Fidelio Residence,https://www.edgeprop.sg/landed-house/fidelio-residence,fidelio-residence
FIGARO GARDENS,https://www.edgeprop.sg/landed-house/figaro-gardens,figaro-gardens
FIVE CHANCERY,https://www.edgeprop.sg/landed-house/five-chancery,five-chancery
FLORA WEST,https://www.edgeprop.sg/landed-house/flora-west,flora-west
FLORENCE GARDENS,https://www.edgeprop.sg/landed-house/florence-gardens,florence-gardens
FLORENCE GROVE,https://www.edgeprop.sg/landed-house/florence-grove,florence-grove
FLORENCE TERRACE,https://www.edgeprop.sg/landed-house/florence-terrace,florence-terrace
FLORENCE VILLE,https://www.edgeprop.sg/landed-house/florence-ville,florence-ville
FLORIDA PARK,https://www.edgeprop.sg/landed-house/florida-park,florida-park
FLORIDA PARK PHASE 3,https://www.edgeprop.sg/landed-house/florida-park-phase-3,florida-park-phase-3
FLORISSA PARK,https://www.edgeprop.sg/landed-house/florissa-park,florissa-park
FOH PIN GARDEN,https://www.edgeprop.sg/landed-house/foh-pin-garden,foh-pin-garden
FORD PLACE,https://www.edgeprop.sg/landed-house/ford-place,ford-place
FORT TERRACE,https://www.edgeprop.sg/landed-house/fort-terrace,fort-terrace
FORTUNA GARDEN,https://www.edgeprop.sg/landed-house/fortuna-garden,fortuna-garden
FORTUNA GARDENS,https://www.edgeprop.sg/landed-house/fortuna-gardens,fortuna-gardens
FORTUNA HILL,https://www.edgeprop.sg/landed-house/fortuna-hill,fortuna-hill
FORTUNA SEAVIEW VILLAS,https://www.edgeprop.sg/landed-house/fortuna-seaview-villas,fortuna-seaview-villas
FORTUNE VIEW,https://www.edgeprop.sg/landed-house/fortune-view,fortune-view
FRANKEL ESTATE,https://www.edgeprop.sg/landed-house/frankel-estate,frankel-estate
FUDU PARK,https://www.edgeprop.sg/landed-house/fudu-park,fudu-park
FULTON HILL,https://www.edgeprop.sg/landed-house/fulton-hill,fulton-hill
FUYONG ESTATE,https://www.edgeprop.sg/landed-house/fuyong-estate,fuyong-estate
GABRIEL VILLAS,https://www.edgeprop.sg/landed-house/gabriel-villas,gabriel-villas
GALLOP PARK,https://www.edgeprop.sg/landed-house/gallop-park,gallop-park
GALLOP RIDGE,https://www.edgeprop.sg/landed-house/gallop-ridge,gallop-ridge
GALLOP VILLAS,https://www.edgeprop.sg/landed-house/gallop-villas,gallop-villas
GAMBIER COURT,https://www.edgeprop.sg/landed-house/gambier-court,gambier-court
GAMBIR GARDENS,https://www.edgeprop.sg/landed-house/gambir-gardens,gambir-gardens
GAMBIR TERRACE,https://www.edgeprop.sg/landed-house/gambir-terrace,gambir-terrace
GAO MIN HUA YUAN,https://www.edgeprop.sg/landed-house/gao-ming-hua-yuan,gao-ming-hua-yuan
GARDEN VIEW,https://www.edgeprop.sg/landed-house/garden-view,garden-view
GARDEN VIEW ESTATE,https://www.edgeprop.sg/landed-house/garden-view-estate,garden-view-estate
GARLICK PARK,https://www.edgeprop.sg/landed-house/garlick-park,garlick-park
GARLICK VILLE,https://www.edgeprop.sg/landed-house/garlick-ville,garlick-ville
GENTLE REFLECTIONS,https://www.edgeprop.sg/landed-house/gentle-reflections,gentle-reflections
GENTLE VILLAS,https://www.edgeprop.sg/landed-house/gentle-villas,gentle-villas
GERALD GARDENS,https://www.edgeprop.sg/landed-house/gerald-gardens,gerald-gardens
GERALD MUGLISTON,https://www.edgeprop.sg/landed-house/gerald-mugliston,gerald-mugliston
GERALD MUGLISTON ESTATE,https://www.edgeprop.sg/landed-house/gerald-mugliston-estate,gerald-mugliston-estate
GEYLANG CONSERVATION AREA,https://www.edgeprop.sg/landed-house/geylang-conservation-area,geylang-conservation-area
GEYLANG HERITAGE,https://www.edgeprop.sg/landed-house/geylang-heritage,geylang-heritage
GILSTEAD 68,https://www.edgeprop.sg/landed-house/gilstead-68,gilstead-68
GILSTEAD BROOKS,https://www.edgeprop.sg/landed-house/gilstead-brooks,gilstead-brooks
GLASGOW GREEN,https://www.edgeprop.sg/landed-house/glasgow-green,glasgow-green
GLASGOW VILLA,https://www.edgeprop.sg/landed-house/glasgow-villa,glasgow-villa
GOLDEN CHUAN VILLE,https://www.edgeprop.sg/landed-house/golden-chuan-ville,golden-chuan-ville
GOLDEN HILL ESTATE,https://www.edgeprop.sg/landed-house/golden-hill-estate,golden-hill-estate
GOLDEN RISE ESTATE,https://www.edgeprop.sg/landed-house/golden-rise-estate,golden-rise-estate
GOLDEN SHOWER PARK,https://www.edgeprop.sg/landed-house/golden-shower-park,golden-shower-park
GOLDENHILL VILLAS,https://www.edgeprop.sg/landed-house/goldenhill-villas,goldenhill-villas
GOLDHILL GARDENS,https://www.edgeprop.sg/landed-house/goldhill-gardens,goldhill-gardens
GOLDILL GARDENS,https://www.edgeprop.sg/landed-house/goldill-gardens,goldill-gardens
GOLDLEAF GARDENS,https://www.edgeprop.sg/landed-house/goldleaf-gardens,goldleaf-gardens
GOLDWOOD GARDENS,https://www.edgeprop.sg/landed-house/goldwood-gardens,goldwood-gardens
GOODLINK PARK,https://www.edgeprop.sg/landed-house/goodlink-park,goodlink-park
GOODLUCK GARDEN,https://www.edgeprop.sg/landed-house/goodluck-garden,goodluck-garden
GOODMAN CREST,https://www.edgeprop.sg/landed-house/goodman-crest,goodman-crest
GOODWOOD GRAND,https://www.edgeprop.sg/landed-house/goodwood-grand,goodwood-grand
GOVT CO-OP HOUSING ESTATE,https://www.edgeprop.sg/landed-house/govt-co-op-housing-estate,govt-co-op-housing-estate
GOVT CO-OP HSINGEST@TAIKENGGDN,https://www.edgeprop.sg/landed-house/govt-co-op-hsingesttaikenggdn,govt-co-op-hsingesttaikenggdn
GPL TERRACE,https://www.edgeprop.sg/landed-house/gpl-terrace,gpl-terrace
GRACE GARDEN,https://www.edgeprop.sg/landed-house/grace-garden,grace-garden
GRACE PARK,https://www.edgeprop.sg/landed-house/grace-park,grace-park
GRANDIOSO 8,https://www.edgeprop.sg/landed-house/grandioso-8,grandioso-8
GREEN HILL ESTATE,https://www.edgeprop.sg/landed-house/green-hill-estate,green-hill-estate
GREEN GARDENS,https://www.edgeprop.sg/landed-house/green-gardens,green-gardens
GREEN PARK,https://www.edgeprop.sg/landed-house/green-park,green-park
GREEN SPRINGS,https://www.edgeprop.sg/landed-house/green-springs,green-springs
GREENBANK PARK,https://www.edgeprop.sg/landed-house/greenbank-park,greenbank-park
GREENRIDGE,https://www.edgeprop.sg/landed-house/greenridge,greenridge
GREENWOOD MEWS,https://www.edgeprop.sg/landed-house/greenwood-mews,greenwood-mews
GREENWOOD VILLAS,https://www.edgeprop.sg/landed-house/greenwood-villas,greenwood-villas
GROVE RESIDENCE,https://www.edgeprop.sg/landed-house/grove-residence,grove-residence
GRYPHON TERRACE,https://www.edgeprop.sg/landed-house/gryphon-terrace,gryphon-terrace
GUAN SOON TERRACE,https://www.edgeprop.sg/landed-house/guan-soon-terrace,guan-soon-terrace
GUAN SOON VILLAS,https://www.edgeprop.sg/landed-house/guan-soon-villas,guan-soon-villas
HAI SING PARK,https://www.edgeprop.sg/landed-house/hai-sing-park,hai-sing-park
HAIGSVILLE,https://www.edgeprop.sg/landed-house/haigsville,haigsville
HAMPSTEAD,https://www.edgeprop.sg/landed-house/hampstead,hampstead
HAPPY ESTATE,https://www.edgeprop.sg/landed-house/happy-estate,happy-estate
HAPPY GARDENS,https://www.edgeprop.sg/landed-house/happy-gardens,happy-gardens
HAPPY PARK,https://www.edgeprop.sg/landed-house/happy-park,happy-park
HARBOUR RESIDENCES,https://www.edgeprop.sg/landed-house/harbour-residences,harbour-residences
HARBOUR VIEW GARDEN,https://www.edgeprop.sg/landed-house/harbour-view-gardens,harbour-view-gardens
HARVEY RESIDENCES,https://www.edgeprop.sg/landed-house/harvey-residences,harvey-residences
HARVEY VIEW,https://www.edgeprop.sg/landed-house/harvey-view,harvey-view
HAUS@SERANGOON GARDEN,https://www.edgeprop.sg/landed-house/hausserangoon-garden,hausserangoon-garden
HAZEL PARK TERRACE,https://www.edgeprop.sg/landed-house/hazel-park-terrace,hazel-park-terrace
HEETON CLASS,https://www.edgeprop.sg/landed-house/heeton-class,heeton-class
HEETON CLASSIC,https://www.edgeprop.sg/landed-house/heeton-classic,heeton-classic
HEETON PARK,https://www.edgeprop.sg/landed-house/heeton-park,heeton-park
HELICONA LODGE,https://www.edgeprop.sg/landed-house/helicona-lodge,helicona-lodge
HENLEY GARDENS,https://www.edgeprop.sg/landed-house/henley-gardens,henley-gardens
HENRY PARK,https://www.edgeprop.sg/landed-house/henry-park,henry-park
HERITAGE 9,https://www.edgeprop.sg/landed-house/heritage-9,heritage-9
HIGH PARK RESIDENCES,https://www.edgeprop.sg/landed-house/high-park-residences,high-park-residences
HIGHGATE,https://www.edgeprop.sg/landed-house/highgate,highgate
HIGHGATE PARK,https://www.edgeprop.sg/landed-house/highgate-park,highgate-park
HIGHLAND COTTAGE,https://www.edgeprop.sg/landed-house/highland-cottages,highland-cottages
HIGHLAND RESIDENCES,https://www.edgeprop.sg/landed-house/highland-residences,highland-residences
HIGHLAND ROW,https://www.edgeprop.sg/landed-house/highland-row,highland-row
HILLCREST PARK,https://www.edgeprop.sg/landed-house/hillcrest-park,hillcrest-park
HILLCREST VILLA,https://www.edgeprop.sg/landed-house/hillcrest-villa,hillcrest-villa
HILLODGE,https://www.edgeprop.sg/landed-house/hillodge,hillodge
HILLSGROVE,https://www.edgeprop.sg/landed-house/hillsgrove,hillsgrove
HILLSIDE GARDENS,https://www.edgeprop.sg/landed-house/hillside-gardens,hillside-gardens
HILLSTA,https://www.edgeprop.sg/landed-house/hillsta,hillsta
HILLVIEW COURT,https://www.edgeprop.sg/landed-house/hillview-court,hillview-court
HILLVIEW ESTATE,https://www.edgeprop.sg/landed-house/hillview-estate,hillview-estate
HILLVIEW GARDEN ESTATE,https://www.edgeprop.sg/landed-house/hillview-garden-estate,hillview-garden-estate
HILLVIEW VILLAS,https://www.edgeprop.sg/landed-house/hillview-villas,hillview-villas
HOCK SENG PARK,https://www.edgeprop.sg/landed-house/hock-seng-park,hock-seng-park
HOCK SWEE HILL,https://www.edgeprop.sg/landed-house/hock-swee-hill,hock-swee-hill
HOLLAND GARDENS,https://www.edgeprop.sg/landed-house/holland-gardens,holland-gardens
HOLLAND GREEN,https://www.edgeprop.sg/landed-house/holland-green,holland-green
HOLLAND GROVE,https://www.edgeprop.sg/landed-house/holland-grove,holland-grove
HOLLAND GROVE PARK,https://www.edgeprop.sg/landed-house/holland-grove-park,holland-grove-park
Holland Vale,https://www.edgeprop.sg/landed-house/holland-vale,holland-vale
HOLLAND VILLAGE,https://www.edgeprop.sg/landed-house/holland-village,holland-village
HOLLLAND GROVE PARK,https://www.edgeprop.sg/landed-house/hollland-grove-park,hollland-grove-park
HOMES AT EASTWOOD PLACE,https://www.edgeprop.sg/landed-house/homes-at-eastwood-place,homes-at-eastwood-place
HONG HENG TERRACE,https://www.edgeprop.sg/landed-house/hong-heng-terrace,hong-heng-terrace
HONG JOO PARK,https://www.edgeprop.sg/landed-house/hong-joo-park,hong-joo-park
HONG KONG PARK,https://www.edgeprop.sg/landed-house/hong-kong-park,hong-kong-park
HOOVER PARK,https://www.edgeprop.sg/landed-house/hoover-park,hoover-park
HORIZON GARDENS,https://www.edgeprop.sg/landed-house/horizon-gardens,horizon-gardens
HORIZON GREEN,https://www.edgeprop.sg/landed-house/horizon-green,horizon-green
HOW SUN GARDEN,https://www.edgeprop.sg/landed-house/how-sun-garden,how-sun-garden
HOW SUN PARK,https://www.edgeprop.sg/landed-house/how-sun-park,how-sun-park
HUA GUAN GARDENS,https://www.edgeprop.sg/landed-house/hua-guan-gardens,hua-guan-gardens
HUA MEI GARDENS,https://www.edgeprop.sg/landed-house/hua-mei-gardens,hua-mei-gardens
HUIT,https://www.edgeprop.sg/landed-house/huit,huit
ICB SHOPPING CENTRE,https://www.edgeprop.sg/landed-house/icb-shopping-centre,icb-shopping-centre
ILLOURA,https://www.edgeprop.sg/landed-house/illoura,illoura
INFINIUM,https://www.edgeprop.sg/landed-house/infinium,infinium
INGGU 6,https://www.edgeprop.sg/landed-house/inggu-6,inggu-6
ISLAND COUNTRY VILLAS,https://www.edgeprop.sg/landed-house/island-country-villas,island-country-villas
ISLAND GARDENS,https://www.edgeprop.sg/landed-house/island-gardens,island-gardens
ISLAND PARK,https://www.edgeprop.sg/landed-house/island-park,island-park
JADE VINE GARDENS,https://www.edgeprop.sg/landed-house/jade-vine-gardens,jade-vine-gardens
JALAN KAYU ESTATE,https://www.edgeprop.sg/landed-house/jalan-kayu-estate,jalan-kayu-estate
JANSEN 8,https://www.edgeprop.sg/landed-house/jansen-8,jansen-8
JANSEN VIEW,https://www.edgeprop.sg/landed-house/jansen-view,jansen-view
JAZZ RESIDENCES,https://www.edgeprop.sg/landed-house/jazz-residences,jazz-residences
JC VILLE,https://www.edgeprop.sg/landed-house/jc-ville,jc-ville
JERVOIS VILLE,https://www.edgeprop.sg/landed-house/jervois-ville,jervois-ville
JERVOISVILLE,https://www.edgeprop.sg/landed-house/jervoisville,jervoisville
JEWEL @ CHUAN HOE,https://www.edgeprop.sg/landed-house/jewel-chuan-hoe,jewel-chuan-hoe
JI CHANG VILLA,https://www.edgeprop.sg/landed-house/ji-chang-villa,ji-chang-villa
JI LIANG GARDENS,https://www.edgeprop.sg/landed-house/ji-liang-gardens,ji-liang-gardens
JIN DING GARDEN,https://www.edgeprop.sg/landed-house/jin-ding-garden,jin-ding-garden
JULUCA,https://www.edgeprop.sg/landed-house/juluca,juluca
JUPITER COURT,https://www.edgeprop.sg/landed-house/jupiter-court,jupiter-court
JURONG PARK,https://www.edgeprop.sg/landed-house/jurong-park,jurong-park
KALEIDO,https://www.edgeprop.sg/landed-house/kaleido,kaleido
KAMPONG GLAM CONSERVATION AREA,https://www.edgeprop.sg/landed-house/kampong-glam-conservation-area,kampong-glam-conservation-area
KASARA,https://www.edgeprop.sg/landed-house/kasara,kasara
KECHUBONG TERRACE,https://www.edgeprop.sg/landed-house/kechubong-terrace,kechubong-terrace
KELLY VILLAS,https://www.edgeprop.sg/landed-house/kelly-villas,kelly-villas
KELULUT HILL,https://www.edgeprop.sg/landed-house/kelulut-hill,kelulut-hill
KEMBANGAN ESTATE,https://www.edgeprop.sg/landed-house/kembangan-estate,kembangan-estate
KEMBANGAN VILLAS,https://www.edgeprop.sg/landed-house/kembangan-villas,kembangan-villas
KENT RIDGE HILL RESIDENCES,https://www.edgeprop.sg/landed-house/kent-ridge-hill-residences,kent-ridge-hill-residences
KEW COTTAGES,https://www.edgeprop.sg/landed-house/kew-cottages,kew-cottages
KEW GATE,https://www.edgeprop.sg/landed-house/kew-gate,kew-gate
KEW GREEN,https://www.edgeprop.sg/landed-house/kew-green,kew-green
KEW GROVE,https://www.edgeprop.sg/landed-house/kew-grove,kew-grove
KEW LODGE,https://www.edgeprop.sg/landed-house/kew-lodge,kew-lodge
KEW PLACE,https://www.edgeprop.sg/landed-house/kew-place,kew-place
KEW RESIDENCIA,https://www.edgeprop.sg/landed-house/kew-residencia,kew-residencia
KEW VALE,https://www.edgeprop.sg/landed-house/kew-vale,kew-vale
KIARA 10,https://www.edgeprop.sg/landed-house/kiara-10,kiara-10
KIARA TEN,https://www.edgeprop.sg/landed-house/kiara-ten,kiara-ten
KILBURN ESTATE,https://www.edgeprop.sg/landed-house/kilburn-estate,kilburn-estate
KIM LIN PARK,https://www.edgeprop.sg/landed-house/kim-lin-park,kim-lin-park
KIMNAN PARK,https://www.edgeprop.sg/landed-house/kimnan-park,kimnan-park
KIMSIA PARK,https://www.edgeprop.sg/landed-house/kimsia-park,kimsia-park
KING ALBERT PARK,https://www.edgeprop.sg/landed-house/king-albert-park,king-albert-park
KING'S 8,https://www.edgeprop.sg/landed-house/kings-8,kings-8
KING'S GARDEN,https://www.edgeprop.sg/landed-house/kings-garden,kings-garden
KING'S LODGE,https://www.edgeprop.sg/landed-house/kings-lodge,kings-lodge
KINGS VILLE,https://www.edgeprop.sg/landed-house/kings-ville,kings-ville
KINGSFORD TERRACE,https://www.edgeprop.sg/landed-house/kingsford-terrace,kingsford-terrace
KINGSFORD WATERBAY,https://www.edgeprop.sg/landed-house/kingsford-waterbay,kingsford-waterbay
KINGSVILLE,https://www.edgeprop.sg/landed-house/kingsville,kingsville
KISMIS RESIDENCES,https://www.edgeprop.sg/landed-house/kismis-residences,kismis-residences
KOVAN GARDEN(OLD),https://www.edgeprop.sg/landed-house/kovan-garden,kovan-garden
KOVAN GARDENS,https://www.edgeprop.sg/landed-house/kovan-gardens,kovan-gardens
KOVAN REGENCY,https://www.edgeprop.sg/landed-house/kovan-regency,kovan-regency
KRETA AYER CONSERVATION AREA,https://www.edgeprop.sg/landed-house/kreta-ayer-conservation-area,kreta-ayer-conservation-area
KUAN MING GARDENS,https://www.edgeprop.sg/landed-house/kuan-ming-gardens,kuan-ming-gardens
LA BELLE,https://www.edgeprop.sg/landed-house/la-belle,la-belle
LA QUINTA PARK,https://www.edgeprop.sg/landed-house/la-quinta-park,la-quinta-park
LA SALLE VILLAS,https://www.edgeprop.sg/landed-house/la-salle-villas,la-salle-villas
LA SUISSE,https://www.edgeprop.sg/landed-house/la-suisse,la-suisse
LA VILLE,https://www.edgeprop.sg/landed-house/la-ville,la-ville
LADYHILL PARK,https://www.edgeprop.sg/landed-house/ladyhill-park,ladyhill-park
LAKESIDE GROVE,https://www.edgeprop.sg/landed-house/lakeside-grove,lakeside-grove
LAKEVIEW GARDENS,https://www.edgeprop.sg/landed-house/lakeview-gardens,lakeview-gardens
LANDED HOUSING DEVELOPMENT,https://www.edgeprop.sg/landed-house/landed-housing-development,landed-housing-development
LANGE 28,https://www.edgeprop.sg/landed-house/lange-28,lange-28
LAUW & SONS GARDEN,https://www.edgeprop.sg/landed-house/lauw-sons-garden,lauw-sons-garden
LE REVE,https://www.edgeprop.sg/landed-house/le-reve,le-reve
LE ROYCE @ LEITH PARK,https://www.edgeprop.sg/landed-house/le-royce-leith-park,le-royce-leith-park
Leedon Park Bungalows,https://www.edgeprop.sg/landed-house/leedon-park-bungalows,leedon-park-bungalows
LEGEND @ JANSEN,https://www.edgeprop.sg/landed-house/legend-jansen,legend-jansen
LEITH PARK,https://www.edgeprop.sg/landed-house/leith-park,leith-park
LENTOR VIEW,https://www.edgeprop.sg/landed-house/lentor-view,lentor-view
LENTOR VILLAS,https://www.edgeprop.sg/landed-house/lentor-villas,lentor-villas
LI TONG GARDENS,https://www.edgeprop.sg/landed-house/li-tong-gardens,li-tong-gardens
Lian Villas,https://www.edgeprop.sg/landed-house/lian-villas,lian-villas
LILAC PARK,https://www.edgeprop.sg/landed-house/lilac-park,lilac-park
LIMAU GROVE,https://www.edgeprop.sg/landed-house/limau-grove,limau-grove
LIMAU VILLAS,https://www.edgeprop.sg/landed-house/limau-villas,limau-villas
LINK RESIDENCE @ HOLLAND,https://www.edgeprop.sg/landed-house/link-residence-holland,link-residence-holland
LIRIA TERRACE,https://www.edgeprop.sg/landed-house/liria-terrace,liria-terrace
LLYN GARDENS,https://www.edgeprop.sg/landed-house/llyn-gardens,llyn-gardens
LONG HUA YUAN,https://www.edgeprop.sg/landed-house/long-hua-yuan,long-hua-yuan
LONGBEACH TOWNHOUSE,https://www.edgeprop.sg/landed-house/longbeach-townhouse,longbeach-townhouse
LOR SARHAD,https://www.edgeprop.sg/landed-house/lor-sarhad,lor-sarhad
LORNIE 18,https://www.edgeprop.sg/landed-house/lornie-18,lornie-18
LORNIE GARDENS,https://www.edgeprop.sg/landed-house/lornie-gardens,lornie-gardens
LOTUS AT BARKER,https://www.edgeprop.sg/landed-house/lotus-at-barker,lotus-at-barker
LOTUS AT JOO CHIAT,https://www.edgeprop.sg/landed-house/lotus-at-joo-chiat,lotus-at-joo-chiat
LOTUS VILLE,https://www.edgeprop.sg/landed-house/lotus-ville,lotus-ville
LOWLAND TERRACE,https://www.edgeprop.sg/landed-house/lowland-terrace,lowland-terrace
LOWLAND VIEW,https://www.edgeprop.sg/landed-house/lowland-view,lowland-view
LOYANG COURT,https://www.edgeprop.sg/landed-house/loyang-court,loyang-court
LOYANG GREEN,https://www.edgeprop.sg/landed-house/loyang-green,loyang-green
LOYANG GROVE,https://www.edgeprop.sg/landed-house/loyang-grove,loyang-grove
LOYANG LODGE,https://www.edgeprop.sg/landed-house/loyang-lodge,loyang-lodge
LOYANG TERRACE,https://www.edgeprop.sg/landed-house/loyang-terrace,loyang-terrace
LOYANG VILLAS,https://www.edgeprop.sg/landed-house/loyang-villas,loyang-villas
LOYANG VILLE,https://www.edgeprop.sg/landed-house/loyang-ville,loyang-ville
LUCKY HILL,https://www.edgeprop.sg/landed-house/lucky-hill,lucky-hill
LUCKY PARK,https://www.edgeprop.sg/landed-house/lucky-park,lucky-park
LUCKY VILLAS,https://www.edgeprop.sg/landed-house/lucky-villas,lucky-villas
LUSHAN GARDEN,https://www.edgeprop.sg/landed-house/lushan-garden,lushan-garden
LUXUS HILLS,https://www.edgeprop.sg/landed-house/luxus-hills,luxus-hills
LUXUS HILLS (PH 6),https://www.edgeprop.sg/landed-house/luxus-hills-ph-6,luxus-hills-ph-6
LUXUS HILLS (PH 7),https://www.edgeprop.sg/landed-house/luxus-hills-ph-7,luxus-hills-ph-7
LYNDHURST GROVE,https://www.edgeprop.sg/landed-house/lyndhurst-grove,lyndhurst-grove
LYNN GARDENS,https://www.edgeprop.sg/landed-house/lynn-gardens,lynn-gardens
LYNNSVILLE 331,https://www.edgeprop.sg/landed-house/lynnsville-331,lynnsville-331
LYNWOOD EIGHT,https://www.edgeprop.sg/landed-house/lynwood-eight,lynwood-eight
MACHUAN TERRACE,https://www.edgeprop.sg/landed-house/machuan-terrace,machuan-terrace
MACPHERSON GARDEN ESTATE,https://www.edgeprop.sg/landed-house/macpherson-garden-estate,macpherson-garden-estate
MACPHERSON GREEN,https://www.edgeprop.sg/landed-house/macpherson-green,macpherson-green
MALAYSIA PARK,https://www.edgeprop.sg/landed-house/malaysia-park,malaysia-park
MANDAI GARDEN,https://www.edgeprop.sg/landed-house/mandai-garden,mandai-garden
MANDARIN PARK,https://www.edgeprop.sg/landed-house/mandarin-park,mandarin-park
MANILA GARDENS,https://www.edgeprop.sg/landed-house/manila-gardens,manila-gardens
MARGATE TERRACE,https://www.edgeprop.sg/landed-house/margate-terrace,margate-terrace
MARGOLIOUTH VILLAS,https://www.edgeprop.sg/landed-house/margoliouth-villas,margoliouth-villas
MARINE BLUE,https://www.edgeprop.sg/landed-house/marine-blue,marine-blue
MARINE GARDEN,https://www.edgeprop.sg/landed-house/marine-garden,marine-garden
MARLENE VILLE,https://www.edgeprop.sg/landed-house/marlene-ville,marlene-ville
MARTIA COURT,https://www.edgeprop.sg/landed-house/martia-court,martia-court
MARYLAND ESTATE,https://www.edgeprop.sg/landed-house/maryland-estate,maryland-estate
MARYMOUNT TERRACE,https://www.edgeprop.sg/landed-house/marymount-terrace,marymount-terrace
MATLOCK RESIDENCES,https://www.edgeprop.sg/landed-house/matlock-residences,matlock-residences
MAYFAIR PARK,https://www.edgeprop.sg/landed-house/mayfair-park,mayfair-park
MAYFLOWER GARDENS,https://www.edgeprop.sg/landed-house/mayflower-gardens,mayflower-gardens
MAYFLOWER RESIDENCES,https://www.edgeprop.sg/landed-house/mayflower-residences,mayflower-residences
MAYFLOWER VILLE,https://www.edgeprop.sg/landed-house/mayflower-ville,mayflower-ville
MAYVIEW TOWNHOUSES,https://www.edgeprop.sg/landed-house/mayview-townhouses,mayview-townhouses
MCMAHON PARK,https://www.edgeprop.sg/landed-house/mcmahon-park,mcmahon-park
MEDALLION,https://www.edgeprop.sg/landed-house/medallion,medallion
MEIHE GARDENS,https://www.edgeprop.sg/landed-house/meihe-gardens,meihe-gardens
MELODY VILLAS,https://www.edgeprop.sg/landed-house/melody-villas,melody-villas
MELROSE BUNGALOW,https://www.edgeprop.sg/landed-house/melrose-bungalow,melrose-bungalow
MELROSE VILLAS,https://www.edgeprop.sg/landed-house/melrose-villas,melrose-villas
MERA GARDENS,https://www.edgeprop.sg/landed-house/mera-gardens,mera-gardens
MERA TERRACE,https://www.edgeprop.sg/landed-house/mera-terrace,mera-terrace
MEYER PARK,https://www.edgeprop.sg/landed-house/meyer-park,meyer-park
MICHAELS' RESIDENCES,https://www.edgeprop.sg/landed-house/michaels-residences,michaels-residences
MILFORD VILLAS,https://www.edgeprop.sg/landed-house/milford-villas,milford-villas
MIMOSA GARDENS,https://www.edgeprop.sg/landed-house/mimosa-gardens,mimosa-gardens
MIMOSA PARK,https://www.edgeprop.sg/landed-house/mimosa-park,mimosa-park
MIMOSA TERRACE,https://www.edgeprop.sg/landed-house/mimosa-terrace,mimosa-terrace
MIMOSA VALE,https://www.edgeprop.sg/landed-house/mimosa-vale,mimosa-vale
MIMOSA VILLAS,https://www.edgeprop.sg/landed-house/mimosa-villas,mimosa-villas
MING PARK,https://www.edgeprop.sg/landed-house/ming-park,ming-park
MING TECK PARK,https://www.edgeprop.sg/landed-house/ming-teck-park,ming-teck-park
MIRAMAR GARDENS,https://www.edgeprop.sg/landed-house/miramar-gardens,miramar-gardens
MISTRAL PARK,https://www.edgeprop.sg/landed-house/mistral-park,mistral-park
MONICA GARDEN,https://www.edgeprop.sg/landed-house/monica-garden,monica-garden
MONT TIMAH,https://www.edgeprop.sg/landed-house/mont-timah,mont-timah
MONTCLAIR @ WHITLEY,https://www.edgeprop.sg/landed-house/montclair-whitley,montclair-whitley
MONTROSE TERRACE,https://www.edgeprop.sg/landed-house/montrose-terrace,montrose-terrace
MOSELLA,https://www.edgeprop.sg/landed-house/mosella,mosella
MOUNT ECHO PARK,https://www.edgeprop.sg/landed-house/mount-echo-park,mount-echo-park
MOUNT ROSIE TERRACE,https://www.edgeprop.sg/landed-house/mount-rosie-terrace,mount-rosie-terrace
MOUNT ROSIE VILLAS,https://www.edgeprop.sg/landed-house/mount-rosie-villas,mount-rosie-villas
MOUNT SINAI,https://www.edgeprop.sg/landed-house/mount-sinai,mount-sinai
MOUNT SINAI RESIDENCES,https://www.edgeprop.sg/landed-house/mount-sinai-residences,mount-sinai-residences
MOUNTBATTEN LIGHTS,https://www.edgeprop.sg/landed-house/mountbatten-lights,mountbatten-lights
MT SINAI RESIDENCES,https://www.edgeprop.sg/landed-house/mt-sinai-residences,mt-sinai-residences
MUGLISTON HILL,https://www.edgeprop.sg/landed-house/mugliston-hill,mugliston-hill
MUGLISTON PARK,https://www.edgeprop.sg/landed-house/mugliston-park,mugliston-park
MUN WAH GARDEN,https://www.edgeprop.sg/landed-house/mun-wah-garden,mun-wah-garden
NAMLY COURT,https://www.edgeprop.sg/landed-house/namly-court,namly-court
NANYANG PARK,https://www.edgeprop.sg/landed-house/nanyang-park,nanyang-park
NEW GARDENS,https://www.edgeprop.sg/landed-house/new-gardens,new-gardens
NEW SOO CHOW GARDENS,https://www.edgeprop.sg/landed-house/new-soo-chow-gardens,new-soo-chow-gardens
NEWEST,https://www.edgeprop.sg/landed-house/newest,newest
NEWTON EDGE,https://www.edgeprop.sg/landed-house/newton-edge,newton-edge
NIM COLLECTION,https://www.edgeprop.sg/landed-house/nim-collection,nim-collection
NORMANTON PARK,https://www.edgeprop.sg/landed-house/normanton-park,normanton-park
NORTHILL,https://www.edgeprop.sg/landed-house/northill,northill
NORTHSHORE BUNGALOWS,https://www.edgeprop.sg/landed-house/northshore-bungalows,northshore-bungalows
OAK VILLAS,https://www.edgeprop.sg/landed-house/oak-villas,oak-villas
OASIS @ MULBERRY,https://www.edgeprop.sg/landed-house/oasis-mulberry,oasis-mulberry
OCEAN 8,https://www.edgeprop.sg/landed-house/ocean-8,ocean-8
ODEAN SEASIDE PARK,https://www.edgeprop.sg/landed-house/odean-seaside-park,odean-seaside-park
ODEON SEASIDE PARK,https://www.edgeprop.sg/landed-house/odeon-seaside-park,odeon-seaside-park
OEI TIONG HAM PARK,https://www.edgeprop.sg/landed-house/oei-tiong-ham-park,oei-tiong-ham-park
ONE CHANCERY,https://www.edgeprop.sg/landed-house/one-chancery,one-chancery
ONE CHILTERN,https://www.edgeprop.sg/landed-house/one-chiltern,one-chiltern
ONE LYNWOOD,https://www.edgeprop.sg/landed-house/one-lynwood,one-lynwood
ONE SURIN,https://www.edgeprop.sg/landed-house/one-surin,one-surin
ONE TREE HILL COLLECTION,https://www.edgeprop.sg/landed-house/one-tree-hill-collection,one-tree-hill-collection
OPERA ESTATE,https://www.edgeprop.sg/landed-house/opera-estate,opera-estate
ORCHID VILLAGE,https://www.edgeprop.sg/landed-house/orchid-village,orchid-village
OXLEY NEO RESIDENCES,https://www.edgeprop.sg/landed-house/oxley-neo-residences,oxley-neo-residences
OXLEY RESIDENCE,https://www.edgeprop.sg/landed-house/oxley-residence,oxley-residence
PALACIO,https://www.edgeprop.sg/landed-house/palacio,palacio
PALM BEACH GARDEN,https://www.edgeprop.sg/landed-house/palm-beach-garden,palm-beach-garden
PALM GALLERIA,https://www.edgeprop.sg/landed-house/palm-galleria,palm-galleria
PALM GROVE REGENCY,https://www.edgeprop.sg/landed-house/palm-grove-regency,palm-grove-regency
PALM GROVE TERRACE,https://www.edgeprop.sg/landed-house/palm-grove-terrace,palm-grove-terrace
PALM TREE NINES,https://www.edgeprop.sg/landed-house/palm-tree-nines,palm-tree-nines
PALM VIEW ROW,https://www.edgeprop.sg/landed-house/palm-view-row,palm-view-row
PALM VISTA,https://www.edgeprop.sg/landed-house/palm-vista,palm-vista
PALMS @ SIXTH AVENUE,https://www.edgeprop.sg/landed-house/palms-sixth-avenue,palms-sixth-avenue
PALMVILLE TERRACE,https://www.edgeprop.sg/landed-house/palmville-terrace,palmville-terrace
PARADISE ISLAND,https://www.edgeprop.sg/landed-house/paradise-island,paradise-island
Parc Clematis,https://www.edgeprop.sg/landed-house/parc-clematis,parc-clematis
PARK VILLAS,https://www.edgeprop.sg/landed-house/park-villas,park-villas
PARKLEIGH COURT,https://www.edgeprop.sg/landed-house/parkleigh-court,parkleigh-court
PARKWOOD COLLECTION,https://www.edgeprop.sg/landed-house/parkwood-collection,parkwood-collection
PARRY GREEN,https://www.edgeprop.sg/landed-house/parry-green,parry-green
PARRY PARK,https://www.edgeprop.sg/landed-house/parry-park,parry-park
PARRYVILLE,https://www.edgeprop.sg/landed-house/parryville,parryville
PASIR PANJANG GARDENS,https://www.edgeprop.sg/landed-house/pasir-panjang-gardens,pasir-panjang-gardens
PASIR RIS BEACH PARK,https://www.edgeprop.sg/landed-house/pasir-ris-beach-park,pasir-ris-beach-park
PAVILION GROVE,https://www.edgeprop.sg/landed-house/pavilion-grove,pavilion-grove
PAVILION PARK,https://www.edgeprop.sg/landed-house/pavilion-park,pavilion-park
PAVILION PARK (PHASE 2),https://www.edgeprop.sg/landed-house/pavilion-park-phase-2,pavilion-park-phase-2
PAYA LEBAR GARDENS,https://www.edgeprop.sg/landed-house/paya-lebar-gardens,paya-lebar-gardens
PEACH GARDEN,https://www.edgeprop.sg/landed-house/peach-garden,peach-garden
PEAKVIEW ESTATE,https://www.edgeprop.sg/landed-house/peakview-estate,peakview-estate
PEAKVILLE ESTATE,https://www.edgeprop.sg/landed-house/peakville-estate,peakville-estate
PEAKVILLE PARK,https://www.edgeprop.sg/landed-house/peakville-park,peakville-park
PEBBLE BREEZE,https://www.edgeprop.sg/landed-house/pebble-breeze,pebble-breeze
PEIRCE VALE,https://www.edgeprop.sg/landed-house/peirce-vale,peirce-vale
PEIRCE VILLAS,https://www.edgeprop.sg/landed-house/peirce-villas,peirce-villas
PEOPLE'S GARDEN,https://www.edgeprop.sg/landed-house/peoples-garden,peoples-garden
PETAIN RD/TYRWHITT RD CON AREA,https://www.edgeprop.sg/landed-house/petain-rdtyrwhitt-rd-con-area,petain-rdtyrwhitt-rd-con-area
PETAIN RD/TYRWHITT RD CONSERVATION AREA,https://www.edgeprop.sg/landed-house/petain-rdtyrwhitt-rd-conservation-area,petain-rdtyrwhitt-rd-conservation-area
PHILLIPS RESIDENCE,https://www.edgeprop.sg/landed-house/phillips-residence,phillips-residence
PHOENIX HEIGHTS,https://www.edgeprop.sg/landed-house/phoenix-heights,phoenix-heights
PICARDY GARDENS,https://www.edgeprop.sg/landed-house/picardy-gardens,picardy-gardens
PINE VILLAS,https://www.edgeprop.sg/landed-house/pine-villas,pine-villas
PINEWOOD TERRACE,https://www.edgeprop.sg/landed-house/pinewood-terrace,pinewood-terrace
PLACE-8,https://www.edgeprop.sg/landed-house/place-8,place-8
PLATINA GARDENS,https://www.edgeprop.sg/landed-house/platina-gardens,platina-gardens
POETS VILLAS,https://www.edgeprop.sg/landed-house/poets-villas,poets-villas
POH HUAT GARDEN,https://www.edgeprop.sg/landed-house/poh-huat-garden,poh-huat-garden
POH HUAT GARDENS,https://www.edgeprop.sg/landed-house/poh-huat-gardens,poh-huat-gardens
POLLEN COLLECTION,https://www.edgeprop.sg/landed-house/pollen-collection,pollen-collection
POLLEN COLLECTION II,https://www.edgeprop.sg/landed-house/pollen-collection-ii,pollen-collection-ii
PONGGOL PARK,https://www.edgeprop.sg/landed-house/ponggol-park,ponggol-park
POPULAR ESTATE,https://www.edgeprop.sg/landed-house/popular-estate,popular-estate
PRESIDENT GARDENS,https://www.edgeprop.sg/landed-house/president-gardens,president-gardens
PRINCESS OF WALES PARK,https://www.edgeprop.sg/landed-house/princess-of-wales-park,princess-of-wales-park
PRINCETON VALE,https://www.edgeprop.sg/landed-house/princeton-vale,princeton-vale
PROSPECT GARDEN,https://www.edgeprop.sg/landed-house/prospect-garden,prospect-garden
PROSPER GARDENS,https://www.edgeprop.sg/landed-house/prosper-gardens,prosper-gardens
QUEEN ASTRID GARDENS,https://www.edgeprop.sg/landed-house/queen-astrid-gardens,queen-astrid-gardens
QUEEN ASTRID PARK,https://www.edgeprop.sg/landed-house/queen-astrid-park,queen-astrid-park
RACE COURSE RD/OWEN RD CON AREA,https://www.edgeprop.sg/landed-house/race-course-rdowen-rd-con-area,race-course-rdowen-rd-con-area
RADIANCE @ BUKIT TIMAH,https://www.edgeprop.sg/landed-house/radiance-bukit-timah,radiance-bukit-timah
Radiant 8,https://www.edgeprop.sg/landed-house/radiant-8,radiant-8
RAFFLES PARK,https://www.edgeprop.sg/landed-house/raffles-park,raffles-park
RAINTREE VALLEY,https://www.edgeprop.sg/landed-house/raintree-valley,raintree-valley
RAMBAI COURT,https://www.edgeprop.sg/landed-house/rambai-court,rambai-court
RAYA GARDEN,https://www.edgeprop.sg/landed-house/raya-garden,raya-garden
REBECCA PARK,https://www.edgeprop.sg/landed-house/rebecca-park,rebecca-park
RECREATION TERRACE,https://www.edgeprop.sg/landed-house/recreation-terrace,recreation-terrace
RED BRICK VILLAS,https://www.edgeprop.sg/landed-house/red-brick-villas,red-brick-villas
REGENT VILLAS,https://www.edgeprop.sg/landed-house/regent-villas,regent-villas
REGINA HILL,https://www.edgeprop.sg/landed-house/regina-hill,regina-hill
RESERVOIR VILLAS,https://www.edgeprop.sg/landed-house/reservoir-villas,reservoir-villas
RESIDENCE 8,https://www.edgeprop.sg/landed-house/residence-8,residence-8
RESIDENCES @ LIMAU,https://www.edgeprop.sg/landed-house/residences-limau,residences-limau
RESIDENCES @ NOVENA,https://www.edgeprop.sg/landed-house/residences-novena,residences-novena
RESIDENCES @ STANGEE,https://www.edgeprop.sg/landed-house/residences-stangee,residences-stangee
RESIDENCES AT EMERALD HILL,https://www.edgeprop.sg/landed-house/residences-at-emerald-hill,residences-at-emerald-hill
RIA TOWNHOUSES,https://www.edgeprop.sg/landed-house/ria-townhouses,ria-townhouses
RICH RESIDENCE,https://www.edgeprop.sg/landed-house/rich-residence,rich-residence
RICH.RESIDENCE,https://www.edgeprop.sg/landed-house/richresidence,richresidence
RICHARD'S PARK,https://www.edgeprop.sg/landed-house/richards-park,richards-park
RICHMOND VILLE,https://www.edgeprop.sg/landed-house/richmond-ville,richmond-ville
RIDGEVALE GARDENS,https://www.edgeprop.sg/landed-house/ridgevale-gardens,ridgevale-gardens
RIDGEWOOD,https://www.edgeprop.sg/landed-house/ridgewood,ridgewood
RINDU TERRACE,https://www.edgeprop.sg/landed-house/rindu-terrace,rindu-terrace
RIVER VALLEY CONSERVATION AREA,https://www.edgeprop.sg/landed-house/river-valley-conservation-area,river-valley-conservation-area
RIVERFRONT RESIDENCES,https://www.edgeprop.sg/landed-house/riverfront-residences,riverfront-residences
RIVERTREES RESIDENCES,https://www.edgeprop.sg/landed-house/rivertrees-residences,rivertrees-residences
ROBIN VILLAGE,https://www.edgeprop.sg/landed-house/robin-village,robin-village
ROMAN TERRACE,https://www.edgeprop.sg/landed-house/roman-terrace,roman-terrace
ROSEDALE,https://www.edgeprop.sg/landed-house/rosedale,rosedale
ROSIE VIEW,https://www.edgeprop.sg/landed-house/rosie-view,rosie-view
ROSYTH TERRACE,https://www.edgeprop.sg/landed-house/rosyth-terrace,rosyth-terrace
SANDALWOOD,https://www.edgeprop.sg/landed-house/sandalwood,sandalwood
SANDERIANA,https://www.edgeprop.sg/landed-house/sanderiana,sanderiana
SANDILANDS RESIDENCES,https://www.edgeprop.sg/landed-house/sandilands-residences,sandilands-residences
SANDY ISLAND,https://www.edgeprop.sg/landed-house/sandy-island,sandy-island
SANFORD PARK,https://www.edgeprop.sg/landed-house/sanford-park,sanford-park
SANNY PARK,https://www.edgeprop.sg/landed-house/sanny-park,sanny-park
SANTA TERRACES,https://www.edgeprop.sg/landed-house/santa-terraces,santa-terraces
SARACA GARDENS,https://www.edgeprop.sg/landed-house/saraca-gardens,saraca-gardens
SARACA VILLAS,https://www.edgeprop.sg/landed-house/saraca-villas,saraca-villas
SARINA PARK,https://www.edgeprop.sg/landed-house/sarina-park,sarina-park
SARINA TERRACE,https://www.edgeprop.sg/landed-house/sarina-terrace,sarina-terrace
SAVOY PARK,https://www.edgeprop.sg/landed-house/savoy-park,savoy-park
SAYANG VILLA,https://www.edgeprop.sg/landed-house/sayang-villa,sayang-villa
SEA BREEZE TERRACE,https://www.edgeprop.sg/landed-house/sea-breeze-terrace,sea-breeze-terrace
SEA VIEW PARK,https://www.edgeprop.sg/landed-house/seaview-park,seaview-park
SEAHILL,https://www.edgeprop.sg/landed-house/seahill,seahill
SEASIDE PARK,https://www.edgeprop.sg/landed-house/seaside-park,seaside-park
SELBY GARDENS,https://www.edgeprop.sg/landed-house/selby-gardens,selby-gardens
SELETAR GARDEN,https://www.edgeprop.sg/landed-house/seletar-garden,seletar-garden
SELETAR HILLS ESTATE,https://www.edgeprop.sg/landed-house/seletar-hills-estate,seletar-hills-estate
SELETAR PARK,https://www.edgeprop.sg/landed-house/seletar-park,seletar-park
SELETAR SPRINGS CONDOMINIUM,https://www.edgeprop.sg/landed-house/seletar-springs-condominium,seletar-springs-condominium
SELETAR VIEW,https://www.edgeprop.sg/landed-house/seletar-view,seletar-view
SEMBAWANG GARDENS ARCADE,https://www.edgeprop.sg/landed-house/sembawang-gardens-arcade,sembawang-gardens-arcade
SEMBAWANG HILLS ESTATE,https://www.edgeprop.sg/landed-house/sembawang-hills-estate,sembawang-hills-estate
SEMBAWANG PARK,https://www.edgeprop.sg/landed-house/sembawang-park,sembawang-park
SEMBAWANG SPRINGS ESTATE,https://www.edgeprop.sg/landed-house/sembawang-springs-estate,sembawang-springs-estate
SEMBAWANG SQUARE ESTATE,https://www.edgeprop.sg/landed-house/sembawang-square-estate,sembawang-square-estate
SEMBAWANG STRAITS ESTATE,https://www.edgeprop.sg/landed-house/sembawang-straits-estate,sembawang-straits-estate
SEMBAWANG VILLAS,https://www.edgeprop.sg/landed-house/sembawang-villas,sembawang-villas
SENG HUA GARDENS,https://www.edgeprop.sg/landed-house/seng-hua-gardens,seng-hua-gardens
SENG YONG VILLAS,https://www.edgeprop.sg/landed-house/seng-yong-villas,seng-yong-villas
SENNETT ESTATE,https://www.edgeprop.sg/landed-house/sennett-estate,sennett-estate
SENTOSA COVE,https://www.edgeprop.sg/landed-house/sentosa-cove,sentosa-cove
Senyum Residences,https://www.edgeprop.sg/landed-house/senyum-residences,senyum-residences
SERANGOON GARDEN ESTATE,https://www.edgeprop.sg/landed-house/serangoon-garden-estate,serangoon-garden-estate
SERANGOON GARDEN PARK,https://www.edgeprop.sg/landed-house/serangoon-garden-park,serangoon-garden-park
SERANGOON GARDEN VIEW,https://www.edgeprop.sg/landed-house/serangoon-garden-view,serangoon-garden-view
SERANGOON PARK,https://www.edgeprop.sg/landed-house/serangoon-park,serangoon-park
SERENADE GARDENS,https://www.edgeprop.sg/landed-house/serenade-gardens,serenade-gardens
SERENE PARK,https://www.edgeprop.sg/landed-house/serene-park,serene-park
SERENITY TERRACE,https://www.edgeprop.sg/landed-house/serenity-terrace,serenity-terrace
SEVEN CRESCENT,https://www.edgeprop.sg/landed-house/seven-crescent,seven-crescent
SEVEN OAKS,https://www.edgeprop.sg/landed-house/seven-oaks,seven-oaks
SHAMROCK PARK,https://www.edgeprop.sg/landed-house/shamrock-park,shamrock-park
SHAMROCK VILLAS,https://www.edgeprop.sg/landed-house/shamrock-villas,shamrock-villas
SHAN YAO GARDEN,https://www.edgeprop.sg/landed-house/shan-yao-garden,shan-yao-garden
SHANGRI-LA PARK,https://www.edgeprop.sg/landed-house/shangri-la-park,shangri-la-park
SHELFORD VILLAS,https://www.edgeprop.sg/landed-house/shelford-villas,shelford-villas
SHEPHERD'S HILL ESTATE,https://www.edgeprop.sg/landed-house/shepherds-hill-estate,shepherds-hill-estate
SIEW LIM PARK,https://www.edgeprop.sg/landed-house/siew-lim-park,siew-lim-park
SIGLAP GARDEN,https://www.edgeprop.sg/landed-house/siglap-garden,siglap-garden
SIGLAP HILL 33,https://www.edgeprop.sg/landed-house/siglap-hill-33,siglap-hill-33
SIGLAP PARK,https://www.edgeprop.sg/landed-house/siglap-park,siglap-park
SILAHIS VILLE,https://www.edgeprop.sg/landed-house/silahis-ville,silahis-ville
SILVER HILL,https://www.edgeprop.sg/landed-house/silver-hill,silver-hill
SIMEI GARDEN,https://www.edgeprop.sg/landed-house/simei-garden,simei-garden
SIMON COURT,https://www.edgeprop.sg/landed-house/simon-court,simon-court
SIMON LODGE,https://www.edgeprop.sg/landed-house/simon-lodge,simon-lodge
SIMON TERRACE,https://www.edgeprop.sg/landed-house/simon-terrace,simon-terrace
SIMONVILLE,https://www.edgeprop.sg/landed-house/simonville,simonville
SIN CHUAN GARDEN,https://www.edgeprop.sg/landed-house/sin-chuan-garden,sin-chuan-garden
SINGA GARDEN,https://www.edgeprop.sg/landed-house/singa-garden,singa-garden
SOLARIS RESIDENCES,https://www.edgeprop.sg/landed-house/solaris-residences,solaris-residences
SOMMERVILLE PARK,https://www.edgeprop.sg/landed-house/sommerville-park,sommerville-park
SOMMERVILLE REGENCY,https://www.edgeprop.sg/landed-house/sommerville-regency,sommerville-regency
SOMMERVILLE RESIDENCES,https://www.edgeprop.sg/landed-house/sommerville-residences,sommerville-residences
SOO CHOW GARDEN,https://www.edgeprop.sg/landed-house/soo-chow-garden,soo-chow-garden
SOUTH LAKE VILLA,https://www.edgeprop.sg/landed-house/south-lake-villa,south-lake-villa
SOUTH UNION PARK,https://www.edgeprop.sg/landed-house/south-union-park,south-union-park
SOVEREIGN @ SIMON,https://www.edgeprop.sg/landed-house/sovereign-simon,sovereign-simon
SPRING PARK ESTATE,https://www.edgeprop.sg/landed-house/spring-park-estate,spring-park-estate
SPRING WATERS VILLAS,https://www.edgeprop.sg/landed-house/spring-waters-villas,spring-waters-villas
SPRINGBROOK TERRACE,https://www.edgeprop.sg/landed-house/springbrook-terrace,springbrook-terrace
SPRINGDEW TERRACE,https://www.edgeprop.sg/landed-house/springdew-terrace,springdew-terrace
SPRINGHILL,https://www.edgeprop.sg/landed-house/springhill,springhill
SPRINGHILL TERRACE,https://www.edgeprop.sg/landed-house/springhill-terrace,springhill-terrace
Springleaf Collection,https://www.edgeprop.sg/landed-house/springleaf-collection,springleaf-collection
SPRINGLEAF GARDEN,https://www.edgeprop.sg/landed-house/springleaf-garden,springleaf-garden
SPRINGLEAF GREEN,https://www.edgeprop.sg/landed-house/springleaf-green,springleaf-green
SPRINGLEAF VILLAS,https://www.edgeprop.sg/landed-house/springleaf-villas,springleaf-villas
SPRINGWOOD,https://www.edgeprop.sg/landed-house/springwood,springwood
SRI MENANTI ESTATE,https://www.edgeprop.sg/landed-house/sri-menanti-estate,sri-menanti-estate
ST ANNE'S WOOD,https://www.edgeprop.sg/landed-house/st-annes-wood,st-annes-wood
ST MICHAEL VILLA,https://www.edgeprop.sg/landed-house/st-michael-villa,st-michael-villa
ST NICHOLAS VIEW,https://www.edgeprop.sg/landed-house/st-nicholas-view,st-nicholas-view
ST PATRICK'S ROW,https://www.edgeprop.sg/landed-house/st-patricks-row,st-patricks-row
STARS OF KOVAN,https://www.edgeprop.sg/landed-house/stars-of-kovan,stars-of-kovan
STRAITS GARDENS,https://www.edgeprop.sg/landed-house/straits-gardens,straits-gardens
STRATTON GREEN,https://www.edgeprop.sg/landed-house/stratton-green,stratton-green
STRATTON PARK,https://www.edgeprop.sg/landed-house/stratton-park,stratton-park
SUMMER GARDENS,https://www.edgeprop.sg/landed-house/summer-gardens,summer-gardens
SUMMER GROVE,https://www.edgeprop.sg/landed-house/summer-grove,summer-grove
SUMMER PLACE,https://www.edgeprop.sg/landed-house/summer-place,summer-place
SUMMER VILLAS,https://www.edgeprop.sg/landed-house/summer-villas,summer-villas
SUMMERLEA GREEN,https://www.edgeprop.sg/landed-house/summerlea-green,summerlea-green
SUMMIT VILLE,https://www.edgeprop.sg/landed-house/summit-ville,summit-ville
SUNBIRD PARK,https://www.edgeprop.sg/landed-house/sunbird-park,sunbird-park
SUNCOTTAGES,https://www.edgeprop.sg/landed-house/suncottages,suncottages
SUNGROVE,https://www.edgeprop.sg/landed-house/sungrove,sungrove
SUNNY LODGE,https://www.edgeprop.sg/landed-house/sunny-lodge,sunny-lodge
SUNNY TERRACE,https://www.edgeprop.sg/landed-house/sunny-terrace,sunny-terrace
SUNNY VALE,https://www.edgeprop.sg/landed-house/sunny-vale,sunny-vale
SUNRISE TERRACE,https://www.edgeprop.sg/landed-house/sunrise-terrace,sunrise-terrace
SUNRISE TOWNHOUSES,https://www.edgeprop.sg/landed-house/sunrise-townhouses,sunrise-townhouses
SUNRISE VILLA,https://www.edgeprop.sg/landed-house/sunrise-villa,sunrise-villa
SUNSHINE TERRACE,https://www.edgeprop.sg/landed-house/sunshine-terrace,sunshine-terrace
SURIN GARDENS,https://www.edgeprop.sg/landed-house/surin-gardens,surin-gardens
SURIN GROVE,https://www.edgeprop.sg/landed-house/surin-grove,surin-grove
SURIN VILLAS,https://www.edgeprop.sg/landed-house/surin-villas,surin-villas
SWISS CLUB PARK,https://www.edgeprop.sg/landed-house/swiss-club-park,swiss-club-park
SWISS VALLEY,https://www.edgeprop.sg/landed-house/swiss-valley,swiss-valley
TAI HWAN GARDEN,https://www.edgeprop.sg/landed-house/tai-hwan-garden,tai-hwan-garden
TAI HWAN PARK,https://www.edgeprop.sg/landed-house/tai-hwan-park,tai-hwan-park
TAI KENG GARDENS,https://www.edgeprop.sg/landed-house/tai-keng-gardens,tai-keng-gardens
TAI KENG VILLAS,https://www.edgeprop.sg/landed-house/tai-keng-villas,tai-keng-villas
TAI PENG GARDENS,https://www.edgeprop.sg/landed-house/tai-peng-gardens,tai-peng-gardens
TAI YUAN GARDEN,https://www.edgeprop.sg/landed-house/tai-yuan-garden,tai-yuan-garden
TANAH MERAH GREEN,https://www.edgeprop.sg/landed-house/tanah-merah-green,tanah-merah-green
TANAH MERAH PARK,https://www.edgeprop.sg/landed-house/tanah-merah-park,tanah-merah-park
TANGLIN HILL CONDOMINIUM,https://www.edgeprop.sg/landed-house/tanglin-hill-condominium,tanglin-hill-condominium
TANGLIN HILL VILLAS,https://www.edgeprop.sg/landed-house/tanglin-hill-villas,tanglin-hill-villas
TANGLIN RESIDENCES,https://www.edgeprop.sg/landed-house/tanglin-residences,tanglin-residences
TANGLIN VILLAS,https://www.edgeprop.sg/landed-house/tanglin-villas,tanglin-villas
TATIANA TERRACE,https://www.edgeprop.sg/landed-house/tatiana-terrace,tatiana-terrace
TEACHER'S HOUSING ESTATE,https://www.edgeprop.sg/landed-house/teachers-housing-estate,teachers-housing-estate
TECK CHYE GARDENS,https://www.edgeprop.sg/landed-house/teck-chye-gardens,teck-chye-gardens
TECK GUAN VILLE,https://www.edgeprop.sg/landed-house/teck-guan-ville,teck-guan-ville
TECK HIANG GARDENS,https://www.edgeprop.sg/landed-house/teck-hiang-gardens,teck-hiang-gardens
TELOK AYER CONSERVATION AREA,https://www.edgeprop.sg/landed-house/telok-ayer-conservation-area,telok-ayer-conservation-area
TELOK KURAU COURT,https://www.edgeprop.sg/landed-house/telok-kurau-court,telok-kurau-court
TELOK KURAU RIA,https://www.edgeprop.sg/landed-house/telok-kurau-ria,telok-kurau-ria
TELOK VILLE,https://www.edgeprop.sg/landed-house/telok-ville,telok-ville
TEMBELING TERRACES,https://www.edgeprop.sg/landed-house/tembeling-terraces,tembeling-terraces
TEMBELING VILLAS,https://www.edgeprop.sg/landed-house/tembeling-villas,tembeling-villas
TENGGIRIA,https://www.edgeprop.sg/landed-house/tenggiria,tenggiria
TERESA 8,https://www.edgeprop.sg/landed-house/teresa-8,teresa-8
TERESA TERRACE,https://www.edgeprop.sg/landed-house/teresa-terrace,teresa-terrace
TERESA VILLAS,https://www.edgeprop.sg/landed-house/teresa-villas,teresa-villas
TERRA VILLAS,https://www.edgeprop.sg/landed-house/terra-villas,terra-villas
THE AMBIENCE,https://www.edgeprop.sg/landed-house/the-ambience,the-ambience
THE ARECA,https://www.edgeprop.sg/landed-house/the-areca,the-areca
THE BERTHSIDE,https://www.edgeprop.sg/landed-house/the-berthside,the-berthside
THE CARRARA,https://www.edgeprop.sg/landed-house/the-carrara,the-carrara
THE CHANCERY RESIDENCE,https://www.edgeprop.sg/landed-house/the-chancery-residence,the-chancery-residence
THE CLEARWATER,https://www.edgeprop.sg/landed-house/the-clearwater,the-clearwater
THE CLEMENTVALE,https://www.edgeprop.sg/landed-house/the-clementvale,the-clementvale
THE COMPASS AT CHANCERY,https://www.edgeprop.sg/landed-house/the-compass-at-chancery,the-compass-at-chancery
THE COUNTRYSIDE,https://www.edgeprop.sg/landed-house/the-countryside,the-countryside
THE COURTYARDS,https://www.edgeprop.sg/landed-house/the-courtyards,the-courtyards
THE FORD @ HOLLAND,https://www.edgeprop.sg/landed-house/the-ford-holland,the-ford-holland
THE GARDENS AT GERALD,https://www.edgeprop.sg/landed-house/the-gardens-at-gerald,the-gardens-at-gerald
THE GILSTEAD,https://www.edgeprop.sg/landed-house/the-gilstead,the-gilstead
THE GLENCAIRD RESIDENCES,https://www.edgeprop.sg/landed-house/the-glencaird-residences,the-glencaird-residences
THE GREEN COLLECTION,https://www.edgeprop.sg/landed-house/the-green-collection,the-green-collection
THE GREENWOOD,https://www.edgeprop.sg/landed-house/the-greenwood,the-greenwood
THE HILLOFT,https://www.edgeprop.sg/landed-house/the-hilloft,the-hilloft
THE INGLEWOOD,https://www.edgeprop.sg/landed-house/the-inglewood,the-inglewood
THE JARDINE RESIDENCES,https://www.edgeprop.sg/landed-house/the-jardine-residences,the-jardine-residences
The Lookout,https://www.edgeprop.sg/landed-house/the-lookout,the-lookout
THE MONDRIAN,https://www.edgeprop.sg/landed-house/the-mondrian,the-mondrian
THE MORNING DEW,https://www.edgeprop.sg/landed-house/the-morning-dew,the-morning-dew
THE MORRIS RESIDENCES,https://www.edgeprop.sg/landed-house/the-morris-residences,the-morris-residences
THE OASIS OF THE NORTH,https://www.edgeprop.sg/landed-house/the-oasis-of-the-north,the-oasis-of-the-north
THE PRESTIGE COLLECTION,https://www.edgeprop.sg/landed-house/the-prestige-collection,the-prestige-collection
THE RAMFORD,https://www.edgeprop.sg/landed-house/the-ramford,the-ramford
THE RESIDENCES AT BARKER,https://www.edgeprop.sg/landed-house/the-residences-at-barker,the-residences-at-barker
THE RIVERINA,https://www.edgeprop.sg/landed-house/the-riverina,the-riverina
THE SEAWIND,https://www.edgeprop.sg/landed-house/the-seawind,the-seawind
THE SHAUGHNESSY,https://www.edgeprop.sg/landed-house/the-shaughnessy,the-shaughnessy
THE SHELFORD RESIDENCES,https://www.edgeprop.sg/landed-house/the-shelford-residences,the-shelford-residences
THE SHORELINE RESIDENCES I,https://www.edgeprop.sg/landed-house/the-shoreline-residences-i,the-shoreline-residences-i
THE SHORELINE RESIDENCES II,https://www.edgeprop.sg/landed-house/the-shoreline-residences-ii,the-shoreline-residences-ii
THE SILVA GARDENS,https://www.edgeprop.sg/landed-house/the-silva-gardens,the-silva-gardens
THE SILVER SPURZ,https://www.edgeprop.sg/landed-house/the-silver-spurz,the-silver-spurz
THE SIXTH AVENUE RESIDENCES,https://www.edgeprop.sg/landed-house/the-sixth-avenue-residences,the-sixth-avenue-residences
THE SKYWOODS,https://www.edgeprop.sg/landed-house/the-skywoods,the-skywoods
THE SPRINGFIELD,https://www.edgeprop.sg/landed-house/the-springfield,the-springfield
THE SPRINGSIDE,https://www.edgeprop.sg/landed-house/the-springside,the-springside
THE SPRINGSIDE / THE BROOKS I & II,https://www.edgeprop.sg/landed-house/the-springside-the-brooks-i-ii,the-springside-the-brooks-i-ii
THE TENERIFFE,https://www.edgeprop.sg/landed-house/the-teneriffe,the-teneriffe
THE TOP RESIDENCE,https://www.edgeprop.sg/landed-house/the-top-residence,the-top-residence
THE VERANDAH RESIDENCES,https://www.edgeprop.sg/landed-house/the-verandah-residences,the-verandah-residences
THE VILLAS @ SENTOSA COVE,https://www.edgeprop.sg/landed-house/the-villas-sentosa-cove,the-villas-sentosa-cove
THE VISION,https://www.edgeprop.sg/landed-house/the-vision,the-vision
THE WESTRIDGE,https://www.edgeprop.sg/landed-house/the-westridge,the-westridge
THE WHITLEY RESIDENCES,https://www.edgeprop.sg/landed-house/the-whitley-residences,the-whitley-residences
THE WINDSOR,https://www.edgeprop.sg/landed-house/the-windsor,the-windsor
THE WOODS,https://www.edgeprop.sg/landed-house/the-woods,the-woods
THOMSON GARDEN ESTATE,https://www.edgeprop.sg/landed-house/thomson-garden-estate,thomson-garden-estate
THOMSON GRAND,https://www.edgeprop.sg/landed-house/thomson-grand,thomson-grand
THOMSON HILLS,https://www.edgeprop.sg/landed-house/thomson-hills-estate,thomson-hills-estate
THOMSON IMPRESSIONS,https://www.edgeprop.sg/landed-house/thomson-impressions,thomson-impressions
THOMSON PARK,https://www.edgeprop.sg/landed-house/thomson-park,thomson-park
THOMSON RIDGE,https://www.edgeprop.sg/landed-house/thomson-ridge,thomson-ridge
THOMSON RIDGE ESTATE,https://www.edgeprop.sg/landed-house/thomson-ridge-estate,thomson-ridge-estate
THOMSON RISE ESTATE,https://www.edgeprop.sg/landed-house/thomson-rise-estate,thomson-rise-estate
THOMSON THREE,https://www.edgeprop.sg/landed-house/thomson-three,thomson-three
TIVOLI GARDENS,https://www.edgeprop.sg/landed-house/tivoli-gardens,tivoli-gardens
TK ONE,https://www.edgeprop.sg/landed-house/tk-one,tk-one
TOH ESTATE,https://www.edgeprop.sg/landed-house/toh-estate,toh-estate
TOH TUCK GARDEN,https://www.edgeprop.sg/landed-house/toh-tuck-garden,toh-tuck-garden
TOH TUCK HILL,https://www.edgeprop.sg/landed-house/toh-tuck-hill,toh-tuck-hill
TOWNER VILLE,https://www.edgeprop.sg/landed-house/towner-ville,towner-ville
TOWNHOUSE CONDOMINIUM,https://www.edgeprop.sg/landed-house/townhouse-condominium,townhouse-condominium
TRANQUILIA @ KISMIS,https://www.edgeprop.sg/landed-house/tranquilia-kismis,tranquilia-kismis
TREVOSE 12,https://www.edgeprop.sg/landed-house/trevose-12,trevose-12
TREVOSE PLACE,https://www.edgeprop.sg/landed-house/trevose-place,trevose-place
TRUSSVILLE,https://www.edgeprop.sg/landed-house/trussville,trussville
TUAN SING PARK,https://www.edgeprop.sg/landed-house/tuan-sing-park,tuan-sing-park
TUDOR TEN,https://www.edgeprop.sg/landed-house/tudor-ten,tudor-ten
TUDOR VIEW,https://www.edgeprop.sg/landed-house/tudor-view,tudor-view
TWELVE RESIDENCES,https://www.edgeprop.sg/landed-house/twelve-residences,twelve-residences
ULTIMATE TERRACE,https://www.edgeprop.sg/landed-house/ultimate-terrace,ultimate-terrace
UNIQUE GARDEN,https://www.edgeprop.sg/landed-house/unique-garden,unique-garden
UNIVERSITY PARK,https://www.edgeprop.sg/landed-house/university-park,university-park
URBAN VILLAS,https://www.edgeprop.sg/landed-house/urban-villas,urban-villas
VALVISTA,https://www.edgeprop.sg/landed-house/valvista,valvista
VAUGHAN GARDEN,https://www.edgeprop.sg/landed-house/vaughan-garden,vaughan-garden
VENTANA VILLAS,https://www.edgeprop.sg/landed-house/ventana-villas,ventana-villas
VENTURA HEIGHTS,https://www.edgeprop.sg/landed-house/ventura-heights,ventura-heights
VERDANA VILLAS,https://www.edgeprop.sg/landed-house/verdana-villas,verdana-villas
VERDURE,https://www.edgeprop.sg/landed-house/verdure,verdure
VERDURE VILLAS,https://www.edgeprop.sg/landed-house/verdure-villas,verdure-villas
VICTORIA PARK,https://www.edgeprop.sg/landed-house/victoria-park,victoria-park
VICTORIA PARK VILLAS,https://www.edgeprop.sg/landed-house/victoria-park-villas,victoria-park-villas
VICTORY VILLE,https://www.edgeprop.sg/landed-house/victory-ville,victory-ville
VILLA BEGONIA,https://www.edgeprop.sg/landed-house/villa-begonia,villa-begonia
VILLA DE JERVOIS,https://www.edgeprop.sg/landed-house/villa-de-jervois,villa-de-jervois
VILLA MADELEINE,https://www.edgeprop.sg/landed-house/villa-madeleine,villa-madeleine
VILLA PONDER ROSA,https://www.edgeprop.sg/landed-house/villa-ponder-rosa,villa-ponder-rosa
VILLA VERDE,https://www.edgeprop.sg/landed-house/villa-verde,villa-verde
VILLAS @ GILSTEAD,https://www.edgeprop.sg/landed-house/villas-gilstead,villas-gilstead
VILLAS @ SIGLAP,https://www.edgeprop.sg/landed-house/villas-siglap,villas-siglap
Villas at Asimont,https://www.edgeprop.sg/landed-house/villas-at-asimont,villas-at-asimont
VILLAS AT KEW,https://www.edgeprop.sg/landed-house/villas-at-kew,villas-at-kew
VILLAS HOLLAND,https://www.edgeprop.sg/landed-house/villas-holland,villas-holland
VILLAS LA VUE,https://www.edgeprop.sg/landed-house/villas-la-vue,villas-la-vue
VILLAS SIX,https://www.edgeprop.sg/landed-house/villas-six,villas-six
VISTA GARDEN,https://www.edgeprop.sg/landed-house/vista-garden,vista-garden
VISTA PARK,https://www.edgeprop.sg/landed-house/vista-park,vista-park
WASHINGTON VILLA,https://www.edgeprop.sg/landed-house/washingtonia-villa,washingtonia-villa
WATER TERRACE,https://www.edgeprop.sg/landed-house/water-terrace,water-terrace
WATER VILLAS,https://www.edgeprop.sg/landed-house/water-villas,water-villas
WATERCOVE,https://www.edgeprop.sg/landed-house/watercove,watercove
WATERCOVE VILLE,https://www.edgeprop.sg/landed-house/watercove-ville,watercove-ville
WATERFRONT @ FABER,https://www.edgeprop.sg/landed-house/waterfront-faber,waterfront-faber
WATERFRONT@FABER,https://www.edgeprop.sg/landed-house/waterfrontfaber,waterfrontfaber
WATTEN ESTATE,https://www.edgeprop.sg/landed-house/watten-estate,watten-estate
WATTEN RESIDENCES,https://www.edgeprop.sg/landed-house/watten-residences,watten-residences
WEI MIN GARDEN,https://www.edgeprop.sg/landed-house/wei-min-garden,wei-min-garden
WELLINGTON PARK,https://www.edgeprop.sg/landed-house/wellington-park,wellington-park
WEST COAST GARDENS,https://www.edgeprop.sg/landed-house/west-coast-gardens,west-coast-gardens
WEST COAST VIEW,https://www.edgeprop.sg/landed-house/west-coast-view,west-coast-view
WEST PARK REGENCY,https://www.edgeprop.sg/landed-house/west-park-regency,west-park-regency
WEST POINT PEARL GARDEN,https://www.edgeprop.sg/landed-house/west-point-pearl-garden,west-point-pearl-garden
WEST SEA GARDENS,https://www.edgeprop.sg/landed-house/west-sea-gardens,west-sea-gardens
WEST SHORE RESIDENCES,https://www.edgeprop.sg/landed-house/west-shore-residences,west-shore-residences
WESTLAKE GARDENS,https://www.edgeprop.sg/landed-house/westlake-gardens,westlake-gardens
WESTMONT,https://www.edgeprop.sg/landed-house/westmont,westmont
WESTPEAK TERRACE,https://www.edgeprop.sg/landed-house/westpeak-terrace,westpeak-terrace
WESTRIDGE,https://www.edgeprop.sg/landed-house/westridge,westridge
WESTSIDE 33,https://www.edgeprop.sg/landed-house/westside-33,westside-33
WESTVIEW GARDEN,https://www.edgeprop.sg/landed-house/westview-garden,westview-garden
WESTVIEW GARDENS,https://www.edgeprop.sg/landed-house/westview-gardens,westview-gardens
WESTVILLE,https://www.edgeprop.sg/landed-house/westville,westville
WESTWOOD PARK,https://www.edgeprop.sg/landed-house/westwood-park,westwood-park
WHITE COVE,https://www.edgeprop.sg/landed-house/white-cove,white-cove
WHITE HOUSE PARK,https://www.edgeprop.sg/landed-house/white-house-park,white-house-park
WHITE HOUSE RESIDENCES,https://www.edgeprop.sg/landed-house/white-house-residences,white-house-residences
WHITESHORES,https://www.edgeprop.sg/landed-house/whiteshores,whiteshores
WHITEVILLAS ROW,https://www.edgeprop.sg/landed-house/whitevillas-row,whitevillas-row
WHITLEY PARK,https://www.edgeprop.sg/landed-house/whitley-park,whitley-park
WHITLEY VILLAS,https://www.edgeprop.sg/landed-house/whitley-villas,whitley-villas
WHITLEYVILLE,https://www.edgeprop.sg/landed-house/whitleyville,whitleyville
WILKINSON 8,https://www.edgeprop.sg/landed-house/wilkinson-8,wilkinson-8
WILMER LODGE,https://www.edgeprop.sg/landed-house/wilmer-lodge,wilmer-lodge
WILMER PARK,https://www.edgeprop.sg/landed-house/wilmer-park,wilmer-park
WIMBORNE VILLAS,https://www.edgeprop.sg/landed-house/wimborne-villas,wimborne-villas
WIN LODGE,https://www.edgeprop.sg/landed-house/win-lodge,win-lodge
WINDSOR PARK,https://www.edgeprop.sg/landed-house/windsor-park,windsor-park
WINDSOR PARK ESTATE,https://www.edgeprop.sg/landed-house/windsor-park-estate,windsor-park-estate
WOLSKEL LODGE,https://www.edgeprop.sg/landed-house/wolskel-lodge,wolskel-lodge
WONDER GROVE,https://www.edgeprop.sg/landed-house/wonder-grove,wonder-grove
WOODGROVE ESTATE,https://www.edgeprop.sg/landed-house/woodgrove-estate,woodgrove-estate
WOODHAVEN,https://www.edgeprop.sg/landed-house/woodhaven,woodhaven
WOODLANDS PARK,https://www.edgeprop.sg/landed-house/woodlands-park,woodlands-park
WOODVIEW VILLAS,https://www.edgeprop.sg/landed-house/woodview-villas,woodview-villas
WOOLLERTON PARK,https://www.edgeprop.sg/landed-house/woollerton-park,woollerton-park
YEW LIAN PARK,https://www.edgeprop.sg/landed-house/yew-lian-park,yew-lian-park
YI XING JU TEMPLE,https://www.edgeprop.sg/landed-house/yi-xing-ju-temple,yi-xing-ju-temple
YIO CHU KANG TERRACE,https://www.edgeprop.sg/landed-house/yio-chu-kang-terrace,yio-chu-kang-terrace
YONG SENG ESTATE,https://www.edgeprop.sg/landed-house/yong-seng-estate,yong-seng-estate
YUGI GARDEN,https://www.edgeprop.sg/landed-house/yugi-garden,yugi-garden
YUNNAN GARDENS,https://www.edgeprop.sg/landed-house/yunnan-gardens,yunnan-gardens
ZEPHYR PARK,https://www.edgeprop.sg/landed-house/zephyr-park,zephyr-park
